Date,Company,Title,Salary,Skills,Meta_Info,Link
2026-05-10T17:27:10+03:00,Not specified,Старший инженер OpenStack,Not specified,,Not specified,https://career.habr.com/vacancies/1000163093
2026-05-10T17:27:05+03:00,Not specified,NLP-разработчик в Алису,Not specified,,Not specified,https://career.habr.com/vacancies/1000166117
2026-05-10T17:27:05+03:00,Not specified,Главный инженер по качеству (QA-инженер),Not specified,,Not specified,https://career.habr.com/vacancies/1000165585
2026-05-10T16:56:38+03:00,Not specified,Инженер сопровождения облачной платформы,Not specified,,Not specified,https://career.habr.com/vacancies/1000163092
2026-05-10T16:54:04+03:00,Not specified,Ведущий инженер SDS,Not specified,,Not specified,https://career.habr.com/vacancies/1000163091
2026-05-10T16:48:10+03:00,Not specified,Golang developer в Департамент Логистики,Not specified,,Not specified,https://career.habr.com/vacancies/1000164745
2026-05-10T16:46:20+03:00,Not specified,Application Security Architecture Team (Кибербезопасность),Not specified,,Not specified,https://career.habr.com/vacancies/1000161288
2026-05-10T16:38:53+03:00,Not specified,Старший Go/PHP-разработчик в команду Cообществ,Not specified,,Not specified,https://career.habr.com/vacancies/1000165374
2026-05-10T16:37:52+03:00,Not specified,Go Platform Engineer,Not specified,,Not specified,https://career.habr.com/vacancies/1000165373
2026-05-10T16:29:42+03:00,Not specified,Ведущий инженер по ИБ,Not specified,,Not specified,https://career.habr.com/vacancies/1000160370
2026-05-10T16:27:11+03:00,Not specified,Product owner,Not specified,,Not specified,https://career.habr.com/vacancies/1000162813
2026-05-10T16:27:07+03:00,Not specified,Руководитель направления эксплуатации сервисов мониторинга SOC,Not specified,,Not specified,https://career.habr.com/vacancies/1000165253
2026-05-10T16:27:02+03:00,Not specified,Менеджер AI проектов,Not specified,,Not specified,https://career.habr.com/vacancies/1000166108
2026-05-10T15:59:08+03:00,Not specified,Технический архитектор 1С,Not specified,,Not specified,https://career.habr.com/vacancies/1000164483
2026-05-10T15:55:36+03:00,Not specified,Инженер технической поддержки в г. Краснодар,Not specified,,Not specified,https://career.habr.com/vacancies/1000165252
2026-05-10T15:51:39+03:00,Not specified,"Дежурный инженер ИТ- поддержки (ЦОД, сервера, сеть, инженерное оборудование)",Not specified,,Not specified,https://career.habr.com/vacancies/1000156377
2026-05-10T15:49:22+03:00,Not specified,Архитектор по информационной безопасности,Not specified,,Not specified,https://career.habr.com/vacancies/1000162811
2026-05-10T15:48:13+03:00,Not specified,IT Бизнес-аналитик,Not specified,,Not specified,https://career.habr.com/vacancies/1000164588
2026-05-10T15:47:04+03:00,Not specified,Главный специалист управления уязвимостями (SOC VM),Not specified,,Not specified,https://career.habr.com/vacancies/1000164486
2026-05-10T15:44:51+03:00,Not specified,Python-разработчик,Not specified,,Not specified,https://career.habr.com/vacancies/1000165251
2026-05-10T15:43:06+03:00,Not specified,Аналитик SOC по направлению анализа киберугроз (Threat Intelligence),Not specified,,Not specified,https://career.habr.com/vacancies/1000139016
2026-05-10T15:35:29+03:00,Not specified,Automation QA (Storage S3),Not specified,,Not specified,https://career.habr.com/vacancies/1000163088
2026-05-10T15:33:13+03:00,Not specified,Application Security Engineer (безопасность приложений),Not specified,,Not specified,https://career.habr.com/vacancies/1000162808
2026-05-10T15:29:04+03:00,Not specified,Разработчик в буткемп Core Infrastructure,от 300 000 до 490 000 ₽,,Not specified,https://career.habr.com/vacancies/1000156172
2026-05-10T14:56:50+03:00,Not specified,Solution Architect,Not specified,,Not specified,https://career.habr.com/vacancies/1000165981
2026-05-10T14:52:09+03:00,Not specified,Java разработчик с нуля (стажер),от 52 000 ₽,,Not specified,https://career.habr.com/vacancies/1000165249
2026-05-10T14:40:59+03:00,Not specified,MLOps Engineer,Not specified,,Not specified,https://career.habr.com/vacancies/1000165362
2026-05-10T14:27:04+03:00,Not specified,Разработчик бэкенда в Яндекс Образование,Not specified,,Not specified,https://career.habr.com/vacancies/1000164434
2026-05-10T13:59:06+03:00,Not specified,AppSeс - инженер,Not specified,,Not specified,https://career.habr.com/vacancies/1000147159
2026-05-10T13:27:04+03:00,Not specified,ML Engineer (NLP),Not specified,,Not specified,https://career.habr.com/vacancies/1000165572
2026-05-10T12:51:47+03:00,Not specified,Специалист по информационной безопасности,Not specified,,Not specified,https://career.habr.com/vacancies/1000162782
2026-05-10T12:50:38+03:00,Not specified,Системный аналитик (ОС Astra Linux),Not specified,,Not specified,https://career.habr.com/vacancies/1000160155
2026-05-10T12:40:18+03:00,Not specified,Инженер по кибербезопасности (DLP),Not specified,,Not specified,https://career.habr.com/vacancies/1000163072
2026-05-10T12:40:18+03:00,Not specified,Инженер кибербезопасности облака,Not specified,,Not specified,https://career.habr.com/vacancies/1000163076
2026-05-10T12:40:17+03:00,Not specified,Эксперт по защите периметра (WAF),Not specified,,Not specified,https://career.habr.com/vacancies/1000163071
2026-05-10T12:31:49+03:00,Not specified,Эксперт по информационной безопасности/ Архитектор ИБ,Not specified,,Not specified,https://career.habr.com/vacancies/1000112963
2026-05-10T12:27:12+03:00,Not specified,Эксперт по информационной безопасности,Not specified,,Not specified,https://career.habr.com/vacancies/1000161264
2026-05-10T11:48:47+03:00,Not specified,Application Security Еngineer (Кибербезопасность),Not specified,,Not specified,https://career.habr.com/vacancies/1000161274
2026-05-10T11:27:05+03:00,Not specified,Data Engineer/Дата инженер (ученик),от 90 000 до 100 000 ₽,,Not specified,https://career.habr.com/vacancies/1000165117
2026-05-10T10:29:43+03:00,Not specified,Разработчик бэкенда (Python/Django) в команду развития сотрудников,Not specified,,Not specified,https://career.habr.com/vacancies/1000164426
2026-05-10T10:29:11+03:00,Not specified,DevOps,Not specified,,Not specified,https://career.habr.com/vacancies/1000133419
2026-05-10T10:27:02+03:00,Not specified,Аналитик по безопасности информационных систем,Not specified,,Not specified,https://career.habr.com/vacancies/1000165563
2026-05-10T09:27:02+03:00,Not specified,Прикладной администратор,Not specified,,Not specified,https://career.habr.com/vacancies/1000166085
2026-05-10T08:27:03+03:00,Not specified,Разработчик 1С,Not specified,,Not specified,https://career.habr.com/vacancies/1000162592
2026-05-09T18:47:18+03:00,Not specified,Java (Т-банк),Not specified,,Not specified,https://career.habr.com/vacancies/1000161260
2026-05-09T18:43:35+03:00,Not specified,Java Developer eFX,Not specified,,Not specified,https://career.habr.com/vacancies/1000161258
2026-05-09T18:36:06+03:00,Not specified,Java разработчик (СОПББ),Not specified,,Not specified,https://career.habr.com/vacancies/1000161257
2026-05-09T18:32:12+03:00,Not specified,Системный аналитик (НО БО),Not specified,,Not specified,https://career.habr.com/vacancies/1000161256
2026-05-09T18:29:26+03:00,Not specified,Системный аналитик (СОПББ),Not specified,,Not specified,https://career.habr.com/vacancies/1000161255
2026-05-09T18:27:02+03:00,Not specified,QA Manual,Not specified,,Not specified,https://career.habr.com/vacancies/1000161662
2026-05-09T17:56:46+03:00,Not specified,Аналитик сетевой безопасности,Not specified,,Not specified,https://career.habr.com/vacancies/1000165353
2026-05-09T17:53:49+03:00,Not specified,Разработчик 1С,Not specified,,Not specified,https://career.habr.com/vacancies/1000165352
2026-05-09T17:51:50+03:00,Not specified,Стажер разработчик Ruby,Not specified,,Not specified,https://career.habr.com/vacancies/1000165351
2026-05-09T17:49:39+03:00,Not specified,Администратор систем ИБ (SIEM),Not specified,,Not specified,https://career.habr.com/vacancies/1000165350
2026-05-09T15:35:39+03:00,Not specified,Flutter-разработчик,Not specified,,Not specified,https://career.habr.com/vacancies/1000163905
2026-05-09T15:30:46+03:00,Not specified,Ведущий аналитик 1С (ГПХ),Not specified,,Not specified,https://career.habr.com/vacancies/1000165946
2026-05-09T13:54:04+03:00,Not specified,Системный аналитик,Not specified,,Not specified,https://career.habr.com/vacancies/1000161237
2026-05-09T13:54:04+03:00,Not specified,Системный аналитик ТОСБО,Not specified,,Not specified,https://career.habr.com/vacancies/1000161238
2026-05-09T13:54:04+03:00,Not specified,Системный аналитик НОБО,Not specified,,Not specified,https://career.habr.com/vacancies/1000161239
2026-05-09T13:54:04+03:00,Not specified,Системный аналитик на проект внедрения Сферы,Not specified,,Not specified,https://career.habr.com/vacancies/1000161236
2026-05-09T13:54:04+03:00,Not specified,Системный аналитик в команду демо-стендов и пилотов,Not specified,,Not specified,https://career.habr.com/vacancies/1000161235
2026-05-09T13:53:42+03:00,Not specified,Java-разработчик,Not specified,,Not specified,https://career.habr.com/vacancies/1000165831
2026-05-09T13:27:02+03:00,Not specified,Java-разработчик в Маркет,от 180 000 до 350 000 ₽,,Not specified,https://career.habr.com/vacancies/1000128046
2026-05-09T12:27:12+03:00,Not specified,Системный аналитик,Not specified,,Not specified,https://career.habr.com/vacancies/1000158711
2026-05-09T10:27:05+03:00,Not specified,Начальник отдела автотестирования,Not specified,,Not specified,https://career.habr.com/vacancies/1000161557
2026-05-09T10:01:43+03:00,Not specified,Стажер Frontend-разработчик (React),Not specified,,Not specified,https://career.habr.com/vacancies/1000162215
2026-05-09T08:27:04+03:00,Not specified,Аналитик данных (Антифрод-система),Not specified,,Not specified,https://career.habr.com/vacancies/1000165703
2026-05-09T05:27:02+03:00,Not specified,Руководитель группы DevOps,Not specified,,Not specified,https://career.habr.com/vacancies/1000165915
2026-05-09T05:27:02+03:00,Not specified,Системный аналитик,Not specified,,Not specified,https://career.habr.com/vacancies/1000165914
2026-05-09T05:27:02+03:00,Not specified,Инженер по автоматизации тестирования java,Not specified,,Not specified,https://career.habr.com/vacancies/1000165913
2026-05-09T02:51:46+03:00,Not specified,Инженер по автоматизации тестирования (Java),Not specified,,Not specified,https://career.habr.com/vacancies/1000166182
2026-05-09T02:44:50+03:00,Not specified,Frontend-разработчик,Not specified,,Not specified,https://career.habr.com/vacancies/1000166181
2026-05-08T20:27:12+03:00,Not specified,Старший инженер-программист C (ядра Linux) ОС Astra Linux,Not specified,,Not specified,https://career.habr.com/vacancies/1000142646
2026-05-08T18:27:11+03:00,Not specified,Системный аналитик (со знанием кредитных процессов),Not specified,,Not specified,https://career.habr.com/vacancies/1000161198
2026-05-08T17:47:45+03:00,Not specified,Веб-аналитик,Not specified,,Not specified,https://career.habr.com/vacancies/1000166179
2026-05-08T17:40:16+03:00,Not specified,Системный аналитик (со знанием кредитных процессов (Junior)),Not specified,,Not specified,https://career.habr.com/vacancies/1000161196
2026-05-08T17:27:24+03:00,Not specified,Java  разработчик,Not specified,,Not specified,https://career.habr.com/vacancies/1000161173
2026-05-08T17:27:11+03:00,Not specified,Java разработчик,Not specified,,Not specified,https://career.habr.com/vacancies/1000161187
2026-05-08T16:42:19+03:00,Not specified,Руководитель направления регуляторной безопасности (Compliance),Not specified,,Not specified,https://career.habr.com/vacancies/1000165334
2026-05-08T16:33:24+03:00,Not specified,Специалист по межсетевым экранам,Not specified,,Not specified,https://career.habr.com/vacancies/1000165818
2026-05-08T16:27:47+03:00,Not specified,Сетевой инженер Huawei,Not specified,,Not specified,https://career.habr.com/vacancies/1000165817
2026-05-08T16:14:34+03:00,Not specified,Data Scientist (NLP|LLM),Not specified,,Not specified,https://career.habr.com/vacancies/1000166025
2026-05-08T16:04:58+03:00,Not specified,IOS разработчик,Not specified,,Not specified,https://career.habr.com/vacancies/1000166263
2026-05-08T16:03:10+03:00,Not specified,Fullstack QA (Mobile + Load),Not specified,,Not specified,https://career.habr.com/vacancies/1000166262
2026-05-08T15:41:12+03:00,Not specified,DevSecOps специалист,Not specified,,Not specified,https://career.habr.com/vacancies/1000165330
2026-05-08T15:40:30+03:00,Not specified,Разработчик образовательных программ,Not specified,,Not specified,https://career.habr.com/vacancies/1000164952
2026-05-08T15:27:03+03:00,Not specified,Продуктовый аналитик (Департамент Медиа | ADS),Not specified,,Not specified,https://career.habr.com/vacancies/1000157732
2026-05-08T15:21:34+03:00,Not specified,Senior Java Developer,Not specified,,Not specified,https://career.habr.com/vacancies/1000166401
2026-05-08T14:28:25+03:00,Not specified,Data Scientist,Not specified,,Not specified,https://career.habr.com/vacancies/1000166256
2026-05-08T14:26:34+03:00,Not specified,Разработчик Java,Not specified,,Not specified,https://career.habr.com/vacancies/1000166255
2026-05-08T14:25:40+03:00,Not specified,Инженер по автоматизированному тестированию / AQA (Java / Kotlin),Not specified,,Not specified,https://career.habr.com/vacancies/1000166254
2026-05-08T14:24:44+03:00,Not specified,QA - FullStack (TypeScript + Playwright),Not specified,,Not specified,https://career.habr.com/vacancies/1000166253
2026-05-08T14:20:49+03:00,Not specified,Инженер по автотестированию на Java,Not specified,,Not specified,https://career.habr.com/vacancies/1000166252
2026-05-08T14:19:21+03:00,Not specified,Devops - инженер (middle/senior),Not specified,,Not specified,https://career.habr.com/vacancies/1000166251
2026-05-08T13:59:49+03:00,Not specified,QA Engineer Mobile fullstack (Java),Not specified,,Not specified,https://career.habr.com/vacancies/1000146318
2026-05-08T12:59:02+03:00,Not specified,Стажер-тестировщик,Not specified,,Not specified,https://career.habr.com/vacancies/1000155969
2026-05-08T12:56:10+03:00,Not specified,Стажер системный аналитик,Not specified,,Not specified,https://career.habr.com/vacancies/1000161571
2026-05-08T12:54:33+03:00,Not specified,Стажер java разработчик,Not specified,,Not specified,https://career.habr.com/vacancies/1000161573
2026-05-08T12:27:07+03:00,Not specified,Инженер данных (потоковая загрузка),Not specified,,Not specified,https://career.habr.com/vacancies/1000164190
2026-05-08T12:02:26+03:00,Not specified,"Разработчик Hadoop (Мск, Спб, Сочи, Нижний Новгород)",Not specified,,Not specified,https://career.habr.com/vacancies/1000166400
2026-05-08T11:48:53+03:00,Not specified,Системный разработчик С++ в команду основных компонентов,Not specified,,Not specified,https://career.habr.com/vacancies/1000164113
2026-05-08T11:44:38+03:00,Not specified,Разработчик на Java/Kotlin в Финтех Яндекса,Not specified,,Not specified,https://career.habr.com/vacancies/1000165674
2026-05-08T11:39:03+03:00,Not specified,DevOps-инженер,Not specified,,Not specified,https://career.habr.com/vacancies/1000165810
2026-05-08T11:27:10+03:00,Not specified,Руководитель проекта,Not specified,,Not specified,https://career.habr.com/vacancies/1000158253
2026-05-08T11:27:09+03:00,Not specified,QA Engineer Fullstack (Java/Kotlin),Not specified,,Not specified,https://career.habr.com/vacancies/1000163599
2026-05-08T11:27:09+03:00,Not specified,Руководитель проекта,Not specified,,Not specified,https://career.habr.com/vacancies/1000158252
2026-05-08T11:27:05+03:00,Not specified,Инженер данных,Not specified,,Not specified,https://career.habr.com/vacancies/1000165809
2026-05-08T11:27:02+03:00,Not specified,Разработчик на С++ в группу пешеходной и транспортной навигации,Not specified,,Not specified,https://career.habr.com/vacancies/1000165890
2026-05-08T11:27:02+03:00,Not specified,Team Lead PHP,Not specified,,Not specified,https://career.habr.com/vacancies/1000163355
2026-05-08T11:07:21+03:00,Not specified,1С Программист (Middle / Middle+),от 150 000 ₽,,Not specified,https://career.habr.com/vacancies/1000166399
2026-05-08T10:29:30+03:00,Not specified,Системный аналитик,Not specified,,Not specified,https://career.habr.com/vacancies/1000156821
2026-05-08T10:27:04+03:00,Not specified,Аналитик 1С,Not specified,,Not specified,https://career.habr.com/vacancies/1000165806
2026-05-08T10:27:04+03:00,Not specified,CRM-маркетолог,Not specified,,Not specified,https://career.habr.com/vacancies/1000165805
2026-05-08T10:27:03+03:00,Not specified,BI-аналитик,Not specified,,Not specified,https://career.habr.com/vacancies/1000165804
2026-05-08T10:15:51+03:00,Not specified,Технический писатель,Not specified,,Not specified,https://career.habr.com/vacancies/1000166390
2026-05-08T09:27:05+03:00,Not specified,Разработчик C++,Not specified,,Not specified,https://career.habr.com/vacancies/1000165802
2026-05-08T09:27:03+03:00,Not specified,Аналитик 1С (БП),Not specified,,Not specified,https://career.habr.com/vacancies/1000165800
2026-05-08T07:51:23+03:00,Not specified,Аналитик ИБ (SIEM),Not specified,,Not specified,https://career.habr.com/vacancies/1000165315
2026-05-08T07:25:42+03:00,Not specified,QA Engineer (Unified Communications (UC)),Not specified,,Not specified,https://career.habr.com/vacancies/1000149891
2026-05-07T22:38:45+03:00,Not specified,NLP-разработчик в Браузер,Not specified,,Not specified,https://career.habr.com/vacancies/1000166397
2026-05-07T21:11:34+03:00,Not specified,Angular-разработчик,Not specified,,Not specified,https://career.habr.com/vacancies/1000166339
2026-05-07T20:05:48+03:00,Not specified,PHP-разработчик,Not specified,,Not specified,https://career.habr.com/vacancies/1000166237
2026-05-07T19:23:22+03:00,Not specified,Ведущий специалист информационной безопасности в ФЦИИТ,от 222 000 ₽,,Not specified,https://career.habr.com/vacancies/1000166396
2026-05-07T19:15:17+03:00,Not specified,Android/Kotlin разработчик (частичная занятость),от 150 000 ₽,,Not specified,https://career.habr.com/vacancies/1000099903
2026-05-07T18:05:58+03:00,Not specified,Lead React,Not specified,,Not specified,https://career.habr.com/vacancies/1000166243
2026-05-07T18:04:26+03:00,Not specified,Lead Rust,Not specified,,Not specified,https://career.habr.com/vacancies/1000166242
2026-05-07T18:00:39+03:00,Not specified,Data Scientist,Not specified,,Not specified,https://career.habr.com/vacancies/1000166241
2026-05-07T17:32:18+03:00,Not specified,Системный администратор Linux,Not specified,,Not specified,https://career.habr.com/vacancies/1000161388
2026-05-07T17:32:18+03:00,Not specified,Сетевой инженер,Not specified,,Not specified,https://career.habr.com/vacancies/1000161387
2026-05-07T17:27:11+03:00,Not specified,"Менеджер по качеству (эквайринг, терминалы, ККТ, банкоматы, АДМ)",до 130 000 ₽,,Not specified,https://career.habr.com/vacancies/1000161386
2026-05-07T17:27:11+03:00,Not specified,Администратор СРК и СХД,Not specified,,Not specified,https://career.habr.com/vacancies/1000161089
2026-05-07T17:27:10+03:00,Not specified,Инженер по балансировке,Not specified,,Not specified,https://career.habr.com/vacancies/1000161385
2026-05-07T17:27:10+03:00,Not specified,Выездной инженер технической поддержки,70 000 ₽,,Not specified,https://career.habr.com/vacancies/1000161382
2026-05-07T17:27:10+03:00,Not specified,"Менеджер по качеству (эквайринг, терминалы, ККТ, банкоматы, АДМ)",до 130 000 ₽,,Not specified,https://career.habr.com/vacancies/1000157103
2026-05-07T16:59:56+03:00,Not specified,Выездной инженер технической поддержки,92 000 ₽,,Not specified,https://career.habr.com/vacancies/1000161380
2026-05-07T16:59:10+03:00,Not specified,Выездной инженер технической поддержки,от 62 000 до 65 000 ₽,,Not specified,https://career.habr.com/vacancies/1000161379
2026-05-07T16:57:03+03:00,Not specified,Выездной инженер технической поддержки,от 62 000 до 70 000 ₽,,Not specified,https://career.habr.com/vacancies/1000157114
2026-05-07T16:47:00+03:00,Not specified,Менеджер по продажам (со знанием английского языка),от 1500 $,,Not specified,https://career.habr.com/vacancies/1000166173
2026-05-07T16:34:34+03:00,Not specified,Специалист технической поддержки (первая линия),Not specified,,Not specified,https://career.habr.com/vacancies/1000157161
2026-05-07T16:27:28+03:00,Not specified,Сервисный инженер,Not specified,,Not specified,https://career.habr.com/vacancies/1000161372
2026-05-07T16:27:25+03:00,Not specified,Координатор заявок service desk,45 000 ₽,,Not specified,https://career.habr.com/vacancies/1000161368
2026-05-07T16:27:25+03:00,Not specified,Инженер технической поддержки АРМ,Not specified,,Not specified,https://career.habr.com/vacancies/1000161370
2026-05-07T16:27:25+03:00,Not specified,Системный аналитик,Not specified,,Not specified,https://career.habr.com/vacancies/1000161371
2026-05-07T16:27:18+03:00,Not specified,Специалист техподдержки (ServiceDesk 1L),Not specified,,Not specified,https://career.habr.com/vacancies/1000161365
2026-05-07T16:27:14+03:00,Not specified,Middle/Senior Golang Developer,Not specified,,Not specified,https://career.habr.com/vacancies/1000162093
2026-05-07T16:25:53+03:00,Not specified,Ведущий операционный менеджер в сервис BareMetal,Not specified,,Not specified,https://career.habr.com/vacancies/1000166238
2026-05-07T16:07:30+03:00,Not specified,Разработчик видеотехнологий для Android,Not specified,,Not specified,https://career.habr.com/vacancies/1000166236
2026-05-07T15:57:47+03:00,Not specified,Эксперт по удаленному доступу (МСЭ),Not specified,,Not specified,https://career.habr.com/vacancies/1000161347
2026-05-07T15:51:09+03:00,Not specified,Дежурный инженер ЦОД,Not specified,,Not specified,https://career.habr.com/vacancies/1000161344
2026-05-07T15:50:38+03:00,Not specified,Системный администратор (DNS/Linux),Not specified,,Not specified,https://career.habr.com/vacancies/1000161343
2026-05-07T15:50:37+03:00,Not specified,Сетевой инженер по эксплуатации сети,Not specified,,Not specified,https://career.habr.com/vacancies/1000157006
2026-05-07T15:47:15+03:00,Not specified,Администратор СХД и SAN,Not specified,,Not specified,https://career.habr.com/vacancies/1000156870
2026-05-07T15:40:05+03:00,Not specified,Golang developer (Рассрочки),Not specified,,Not specified,https://career.habr.com/vacancies/1000164714
2026-05-07T15:35:16+03:00,Not specified,Стажер Backend-разработчик (Laravel),Not specified,,Not specified,https://career.habr.com/vacancies/1000162491
2026-05-07T15:31:59+03:00,Not specified,Руководитель группы разработки в Data center infrastructure management,Not specified,,Not specified,https://career.habr.com/vacancies/1000164103
2026-05-07T15:27:03+03:00,Not specified,Консультант по направлению анализа защищённости (Vulnerability Management),Not specified,,Not specified,https://career.habr.com/vacancies/1000164876
2026-05-07T15:27:02+03:00,Not specified,Эксперт направления оценки соответствия требованиям ИБ (compliance),Not specified,,Not specified,https://career.habr.com/vacancies/1000164875
2026-05-07T15:27:02+03:00,Not specified,Ведущий инженер по сетевой виртуализации [MWS Cloud Platform],Not specified,,Not specified,https://career.habr.com/vacancies/1000164398
2026-05-07T15:24:26+03:00,Not specified,Разработчик Ruby,от 200 000 ₽,,Not specified,https://career.habr.com/vacancies/1000166233
2026-05-07T15:23:51+03:00,Not specified,Тестировщик ПО Manual QA,от 90 000 до 120 000 ₽,,Not specified,https://career.habr.com/vacancies/1000166393
2026-05-07T15:17:44+03:00,Not specified,Разработчик интерфейсов в Видеоплеер,Not specified,,Not specified,https://career.habr.com/vacancies/1000166232
2026-05-07T15:01:31+03:00,Not specified,SEO-специалист / Middle+ / Senior SEO в Finandy,от 1000 $,,Not specified,https://career.habr.com/vacancies/1000166333
2026-05-07T14:57:12+03:00,Not specified,Системный аналитик (банковские продукты),Not specified,,Not specified,https://career.habr.com/vacancies/1000165649
2026-05-07T14:48:54+03:00,Not specified,Аналитик данных (Senior Data Analyst),Not specified,,Not specified,https://career.habr.com/vacancies/1000166230
2026-05-07T14:46:01+03:00,Not specified,Специалист по подбору персонала,Not specified,,Not specified,https://career.habr.com/vacancies/1000165792
2026-05-07T14:33:39+03:00,Not specified,Android Developer (Platform Team),Not specified,,Not specified,https://career.habr.com/vacancies/1000127243
2026-05-07T14:33:21+03:00,Not specified,Project Manager (ЦСТМ),Not specified,,Not specified,https://career.habr.com/vacancies/1000098092
2026-05-07T14:27:09+03:00,Not specified,SDET Java,Not specified,,Not specified,https://career.habr.com/vacancies/1000163567
2026-05-07T14:24:49+03:00,Not specified,Erlang/Elixir developer,Not specified,,Not specified,https://career.habr.com/vacancies/1000149993
2026-05-07T14:21:20+03:00,Not specified,Системный аналитик,Not specified,,Not specified,https://career.habr.com/vacancies/1000166392
2026-05-07T13:40:00+03:00,Not specified,Fullstack Software Engineer,от 3000 до 4000 $,,Not specified,https://career.habr.com/vacancies/1000166382
2026-05-07T13:33:13+03:00,Not specified,Инженер аппаратной балансировки F5,Not specified,,Not specified,https://career.habr.com/vacancies/1000165879
2026-05-07T12:47:56+03:00,Not specified,ML-инженер (Направление клиентского сервиса),Not specified,,Not specified,https://career.habr.com/vacancies/1000165789
2026-05-07T12:47:46+03:00,Not specified,Специалист по межсетевым экранам,Not specified,,Not specified,https://career.habr.com/vacancies/1000164701
2026-05-07T12:38:00+03:00,Not specified,ИТ Лид команды разработки (java),Not specified,,Not specified,https://career.habr.com/vacancies/1000161071
2026-05-07T11:56:13+03:00,Not specified,Python-разработчик в ML,Not specified,,Not specified,https://career.habr.com/vacancies/1000165851
2026-05-07T11:52:35+03:00,Not specified,DevOps-инженер,от 150 000 ₽,,Not specified,https://career.habr.com/vacancies/1000165765
2026-05-07T11:49:46+03:00,Not specified,QA инженер (Linux),Not specified,,Not specified,https://career.habr.com/vacancies/1000153848
2026-05-07T11:49:09+03:00,Not specified,Технический руководитель/Technical Lead(государственная информационная система),до 400 000 ₽,,Not specified,https://career.habr.com/vacancies/1000161326
2026-05-07T11:39:48+03:00,Not specified,Технический архитектор 1с,от 400 000 ₽,,Not specified,https://career.habr.com/vacancies/1000166064
2026-05-07T11:34:57+03:00,Not specified,Руководитель проектов ИБ,Not specified,,Not specified,https://career.habr.com/vacancies/1000161325
2026-05-07T11:27:06+03:00,Not specified,Data Engineer,Not specified,,Not specified,https://career.habr.com/vacancies/1000164179
2026-05-07T11:26:34+03:00,Not specified,Менеджер по продажам услуги ИТ-аутстаф (поиск+развитие клиентов),от 150 000 ₽,,Not specified,https://career.habr.com/vacancies/1000166389
2026-05-07T11:19:48+03:00,Not specified,Системный аналитик,Not specified,,Not specified,https://career.habr.com/vacancies/1000166388
2026-05-07T11:08:09+03:00,Not specified,Архитектор по облачным решениям цифровых сервисов,Not specified,,Not specified,https://career.habr.com/vacancies/1000166329
2026-05-07T10:58:32+03:00,Not specified,Senior Python Developer,Not specified,,Not specified,https://career.habr.com/vacancies/1000166009
2026-05-07T10:46:36+03:00,Not specified,DevOps-инженер,Not specified,,Not specified,https://career.habr.com/vacancies/1000163521
2026-05-07T10:43:26+03:00,Not specified,"Fullstack-разработчик (Go, Java, React)",Not specified,,Not specified,https://career.habr.com/vacancies/1000166326
2026-05-07T10:27:20+03:00,Not specified,Сценарист чат-бота,Not specified,,Not specified,https://career.habr.com/vacancies/1000166325
2026-05-07T10:27:02+03:00,Not specified,Сетевой инженер Huawei,Not specified,,Not specified,https://career.habr.com/vacancies/1000164871
2026-05-07T10:27:01+03:00,Not specified,Аналитик SOC (направление сетевой безопасности),Not specified,,Not specified,https://career.habr.com/vacancies/1000164870
2026-05-07T10:12:55+03:00,Not specified,Technical Training Developer (SIEM/XDR),Not specified,,Not specified,https://career.habr.com/vacancies/1000165597
2026-05-07T09:36:51+03:00,Not specified,Программист C++ (Qt),от 140 000 до 200 000 ₽,,Not specified,https://career.habr.com/vacancies/1000165990
2026-05-07T09:30:36+03:00,Not specified,Консультант SAP HR,Not specified,,Not specified,https://career.habr.com/vacancies/1000165636
2026-05-07T09:27:03+03:00,Not specified,Fullstack-разработчик (REACT+JAVA),Not specified,,Not specified,https://career.habr.com/vacancies/1000164868
2026-05-07T08:59:16+03:00,Not specified,Консультант SAP FI,Not specified,,Not specified,https://career.habr.com/vacancies/1000165635
2026-05-07T08:53:03+03:00,Not specified,Data Engineer,Not specified,,Not specified,https://career.habr.com/vacancies/1000165982
2026-05-07T05:07:51+03:00,Not specified,"Scrum-мастер (только офис, Владивосток)",Not specified,,Not specified,https://career.habr.com/vacancies/1000165668
2026-05-07T00:29:33+03:00,Not specified,Unity-разработчик (WebGL),Not specified,,Not specified,https://career.habr.com/vacancies/1000166387
2026-05-06T21:27:04+03:00,Not specified,Software Architect,Not specified,,Not specified,https://career.habr.com/vacancies/1000166386
2026-05-06T18:46:38+03:00,Not specified,Разработчик NET/C# с опытом OpenText xECM,Not specified,,Not specified,https://career.habr.com/vacancies/1000166321
2026-05-06T18:31:11+03:00,Not specified,Frontend-разработчик (React),Not specified,,Not specified,https://career.habr.com/vacancies/1000158010
2026-05-06T18:28:11+03:00,Not specified,Scala Developer,Not specified,,Not specified,https://career.habr.com/vacancies/1000164770
2026-05-06T18:26:33+03:00,Not specified,Аналитик 1С,Not specified,,Not specified,https://career.habr.com/vacancies/1000162686
2026-05-06T18:25:55+03:00,Not specified,Product Manager,Not specified,,Not specified,https://career.habr.com/vacancies/1000163309
2026-05-06T18:24:23+03:00,Not specified,Старший разработчик Golang,Not specified,,Not specified,https://career.habr.com/vacancies/1000161584
2026-05-06T18:23:01+03:00,Not specified,Scala Developer,Not specified,,Not specified,https://career.habr.com/vacancies/1000164694
2026-05-06T18:14:56+03:00,Not specified,Аналитик данных,Not specified,,Not specified,https://career.habr.com/vacancies/1000135389
2026-05-06T18:14:56+03:00,Not specified,Project Manager (BigData),Not specified,,Not specified,https://career.habr.com/vacancies/1000164611
2026-05-06T18:05:21+03:00,Not specified,Java Team Lead / Lead Developer,Not specified,,Not specified,https://career.habr.com/vacancies/1000165525
2026-05-06T18:02:45+03:00,Not specified,Android Developer,Not specified,,Not specified,https://career.habr.com/vacancies/1000166385
2026-05-06T18:00:37+03:00,Not specified,Golang-разработчик,Not specified,,Not specified,https://career.habr.com/vacancies/1000166384
2026-05-06T17:46:31+03:00,Not specified,Ведущий инженер L3,Not specified,,Not specified,https://career.habr.com/vacancies/1000161037
2026-05-06T17:27:10+03:00,Not specified,Тимлид сетевого отдела,Not specified,,Not specified,https://career.habr.com/vacancies/1000159161
2026-05-06T17:27:01+03:00,Not specified,SRE Engineer,Not specified,,Not specified,https://career.habr.com/vacancies/1000166007
2026-05-06T17:19:42+03:00,Not specified,Менеджер по развитию бизнеса,Not specified,,Not specified,https://career.habr.com/vacancies/1000134952
2026-05-06T17:07:47+03:00,Not specified,DevOps Engineer/DevOps-инженер,от 150 000 ₽,,Not specified,https://career.habr.com/vacancies/1000166319
2026-05-06T17:00:43+03:00,Not specified,Продуктовый дизайнер,Not specified,,Not specified,https://career.habr.com/vacancies/1000166383
2026-05-06T16:59:52+03:00,Not specified,Прикладной администратор,Not specified,,Not specified,https://career.habr.com/vacancies/1000166318
2026-05-06T16:32:59+03:00,Not specified,Technical Lead (CTO),от 500 000 ₽,,Not specified,https://career.habr.com/vacancies/1000166316
2026-05-06T16:32:59+03:00,Not specified,Senior Android-разработчик,от 350 000 ₽,,Not specified,https://career.habr.com/vacancies/1000163154
2026-05-06T16:32:59+03:00,Not specified,Senior IOS-разработчик,от 350 000 ₽,,Not specified,https://career.habr.com/vacancies/1000163153
2026-05-06T16:27:05+03:00,Not specified,Системный архитектор (системная интеграция),Not specified,,Not specified,https://career.habr.com/vacancies/1000163246
2026-05-06T15:51:42+03:00,Not specified,Архитектор по ИБ (системная интеграция),Not specified,,Not specified,https://career.habr.com/vacancies/1000163244
2026-05-06T15:50:16+03:00,Not specified,Контент-менеджер (государственные информационные системы),Not specified,,Not specified,https://career.habr.com/vacancies/1000166315
2026-05-06T15:38:20+03:00,Not specified,Руководитель команды разработки в ОК,Not specified,,Not specified,https://career.habr.com/vacancies/1000166381
2026-05-06T15:33:03+03:00,Not specified,Ведущий инженер-проектировщик АСДУ,Not specified,,Not specified,https://career.habr.com/vacancies/1000163240
2026-05-06T15:30:49+03:00,Not specified,Директор по развитию бизнеса,Not specified,,Not specified,https://career.habr.com/vacancies/1000163238
2026-05-06T15:27:04+03:00,Not specified,Разработчик 1С ERP (ГПХ),Not specified,,Not specified,https://career.habr.com/vacancies/1000165859
2026-05-06T15:27:02+03:00,Not specified,Старший LLM-разработчик в сервис Нейроюрист,Not specified,,Not specified,https://career.habr.com/vacancies/1000164856
2026-05-06T15:21:56+03:00,Not specified,Системный инженер C/С++ в команду Storage Core SPDK [MWS Cloud Platform],Not specified,,Not specified,https://career.habr.com/vacancies/1000166223
2026-05-06T14:42:06+03:00,Not specified,Founding Full-Stack Engineer (React / React Native / Node.js),Not specified,,Not specified,https://career.habr.com/vacancies/1000166380
2026-05-06T14:40:27+03:00,Not specified,DSP/Embedded Software Engineer (R&D) в Умные устройства,Not specified,,Not specified,https://career.habr.com/vacancies/1000166162
2026-05-06T14:39:17+03:00,Not specified,Dev Team Lead/ Tech Lead/ Технический директор,от 500 000 до 1 000 000 ₽,,Not specified,https://career.habr.com/vacancies/1000166314
2026-05-06T14:27:02+03:00,Not specified,Продуктовый аналитик в Путешествия,Not specified,,Not specified,https://career.habr.com/vacancies/1000166002
2026-05-06T14:24:28+03:00,Not specified,QA Engineer (Next.js + NestJS),от 200 000 ₽,,Not specified,https://career.habr.com/vacancies/1000166161
2026-05-06T14:15:13+03:00,Not specified,Консультант SAP EWM,Not specified,,Not specified,https://career.habr.com/vacancies/1000166312
2026-05-06T14:04:52+03:00,Not specified,Разработчик рантайма в Алису,Not specified,,Not specified,https://career.habr.com/vacancies/1000166156
2026-05-06T13:24:55+03:00,Not specified,QA Automation / SDET [TypeScript],Not specified,,Not specified,https://career.habr.com/vacancies/1000166379
2026-05-06T13:13:17+03:00,Not specified,ИТ-лид (Team lead продуктовой команды с опытом SA),Not specified,,Not specified,https://career.habr.com/vacancies/1000166160
2026-05-06T12:57:42+03:00,Not specified,SQL-разработчик базы данных (офисный формат работы),Not specified,,Not specified,https://career.habr.com/vacancies/1000166376
2026-05-06T12:27:08+03:00,Not specified,DevSecOps инженер (DevOps),Not specified,,Not specified,https://career.habr.com/vacancies/1000163215
2026-05-06T12:27:04+03:00,Not specified,Сетевой инженер,Not specified,,Not specified,https://career.habr.com/vacancies/1000164847
2026-05-06T11:44:27+03:00,Not specified,Tech Lead C#,Not specified,,Not specified,https://career.habr.com/vacancies/1000166377
2026-05-06T11:38:06+03:00,Not specified,Архитектор BPMSoft,Not specified,,Not specified,https://career.habr.com/vacancies/1000164586
2026-05-06T11:31:11+03:00,Not specified,Scala разработчик,Not specified,,Not specified,https://career.habr.com/vacancies/1000164665
2026-05-06T11:30:22+03:00,Not specified,Data Engineer,Not specified,,Not specified,https://career.habr.com/vacancies/1000164666
2026-05-06T11:27:02+03:00,Not specified,Инженер по глубокому обучению в команду нейросетевого планировщика траектории,Not specified,,Not specified,https://career.habr.com/vacancies/1000164844
2026-05-06T11:27:02+03:00,Not specified,Администратор Hadoop,Not specified,,Not specified,https://career.habr.com/vacancies/1000164829
2026-05-06T11:07:06+03:00,Not specified,"Team Lead Go (Golang, продукты для управления инфраструктурой и PKI (TLS/ГОСТ)",от 450 000 до 600 000 ₽,,Not specified,https://career.habr.com/vacancies/1000166288
2026-05-06T10:46:34+03:00,Not specified,Маркетолог / Performance Marketing Manager,от 1000 до 1500 $,,Not specified,https://career.habr.com/vacancies/1000166212
2026-05-06T10:38:15+03:00,Not specified,Архитектор (Data/AI),Not specified,,Not specified,https://career.habr.com/vacancies/1000161696
2026-05-06T10:27:59+03:00,Not specified,Руководитель отдела архитектуры и анализа,Not specified,,Not specified,https://career.habr.com/vacancies/1000166375
2026-05-06T10:25:35+03:00,Not specified,Тимлид команды автоматизированного тестирования (JS Playwright),Not specified,,Not specified,https://career.habr.com/vacancies/1000166373
2026-05-06T10:22:12+03:00,Not specified,Специалист по учету материальных ИТ-активов,Not specified,,Not specified,https://career.habr.com/vacancies/1000166302
2026-05-06T10:22:10+03:00,Not specified,Руководитель отдела аналитики,Not specified,,Not specified,https://career.habr.com/vacancies/1000166177
2026-05-06T10:14:01+03:00,Not specified,Аналитик,Not specified,,Not specified,https://career.habr.com/vacancies/1000165853
2026-05-06T10:01:25+03:00,Not specified,Помощник сетевого администратора,100 000 ₽,,Not specified,https://career.habr.com/vacancies/1000166348
2026-05-06T10:01:25+03:00,Not specified,Программист 1С,от 140 000 до 174 000 ₽,,Not specified,https://career.habr.com/vacancies/1000166332
2026-05-06T09:57:55+03:00,Not specified,Администратор БД/Разработчик SQL,Not specified,,Not specified,https://career.habr.com/vacancies/1000166372
2026-05-06T09:43:34+03:00,Not specified,Продуктовый аналитик  (геймдев),от 150 000 ₽,,Not specified,https://career.habr.com/vacancies/1000166362
2026-05-06T09:30:49+03:00,Not specified,SRE-инженер,Not specified,,Not specified,https://career.habr.com/vacancies/1000166155
2026-05-06T09:02:42+03:00,Not specified,SRE-инженер,Not specified,,Not specified,https://career.habr.com/vacancies/1000165754
2026-05-06T08:27:21+03:00,Not specified,Инженер поддержки MES систем,Not specified,,Not specified,https://career.habr.com/vacancies/1000166370
2026-05-06T08:27:03+03:00,Not specified,Application Security инженер/DevSecOps,Not specified,,Not specified,https://career.habr.com/vacancies/1000159767
2026-05-06T08:25:39+03:00,Not specified,Старший инженер поддержки MES систем,Not specified,,Not specified,https://career.habr.com/vacancies/1000166369
2026-05-05T21:43:04+03:00,Not specified,PHP и Node.js разработчик,от 1000 до 2500 $,,Not specified,https://career.habr.com/vacancies/1000166301
2026-05-05T20:23:21+03:00,Not specified,Golang Developer,от 200 000 до 300 000 ₽,,Not specified,https://career.habr.com/vacancies/1000163532
2026-05-05T19:27:03+03:00,Not specified,IOS-разработчик в Маркетплейс,Not specified,,Not specified,https://career.habr.com/vacancies/1000156497
2026-05-05T19:27:03+03:00,Not specified,Android-разработчик в Маркетплейс,Not specified,,Not specified,https://career.habr.com/vacancies/1000156496
2026-05-05T19:14:04+03:00,Not specified,Data Engineer,Not specified,,Not specified,https://career.habr.com/vacancies/1000166367
2026-05-05T19:08:23+03:00,Not specified,Ведущий Java-разработчик,Not specified,,Not specified,https://career.habr.com/vacancies/1000166366
2026-05-05T18:53:11+03:00,Not specified,Linux System Engineer,Not specified,,Not specified,https://career.habr.com/vacancies/1000166365
2026-05-05T18:48:00+03:00,Not specified,Технический писатель (ИТ-инфраструктура),Not specified,,Not specified,https://career.habr.com/vacancies/1000166364
2026-05-05T18:34:39+03:00,Not specified,Системный архитектор,до 360 000 ₽,,Not specified,https://career.habr.com/vacancies/1000166299
2026-05-05T18:27:02+03:00,Not specified,Product Analyst,Not specified,,Not specified,https://career.habr.com/vacancies/1000164839
2026-05-05T18:27:01+03:00,Not specified,MLOps Engineer [Trust and Safety],Not specified,,Not specified,https://career.habr.com/vacancies/1000162432
2026-05-05T18:13:49+03:00,Not specified,Специалист информационных технологий,Not specified,,Not specified,https://career.habr.com/vacancies/1000166298
2026-05-05T17:54:09+03:00,Not specified,Эксперт по качеству проектирования и сертификации банковских процессов,Not specified,,Not specified,https://career.habr.com/vacancies/1000165301
2026-05-05T17:50:47+03:00,Not specified,Младший инженер ЦОД,Not specified,,Not specified,https://career.habr.com/vacancies/1000165298
2026-05-05T17:28:39+03:00,Not specified,Инженер техподдержки L2,Not specified,,Not specified,https://career.habr.com/vacancies/1000163189
2026-05-05T17:28:39+03:00,Not specified,SRE-инженер,Not specified,,Not specified,https://career.habr.com/vacancies/1000163192
2026-05-05T17:28:39+03:00,Not specified,Менеджер клиентских инцидентов,Not specified,,Not specified,https://career.habr.com/vacancies/1000163195
2026-05-05T17:28:39+03:00,Not specified,Технический лидер SRE,Not specified,,Not specified,https://career.habr.com/vacancies/1000163188
2026-05-05T17:28:39+03:00,Not specified,Дежурный сетевой инженер (L2),Not specified,,Not specified,https://career.habr.com/vacancies/1000163191
2026-05-05T17:28:39+03:00,Not specified,Руководитель направления SRE,Not specified,,Not specified,https://career.habr.com/vacancies/1000163190
2026-05-05T17:28:39+03:00,Not specified,Ведущий SRE-инженер (Москва),Not specified,,Not specified,https://career.habr.com/vacancies/1000163194
2026-05-05T17:28:39+03:00,Not specified,Старший Data Engineer,Not specified,,Not specified,https://career.habr.com/vacancies/1000163193
2026-05-05T17:27:18+03:00,Not specified,Cистемный аналитик / System analyst (инвестиционный бизнес),Not specified,,Not specified,https://career.habr.com/vacancies/1000164660
2026-05-05T17:27:12+03:00,Not specified,Начальник управления эксплуатации и развития средств защиты информации,Not specified,,Not specified,https://career.habr.com/vacancies/1000163185
2026-05-05T17:27:12+03:00,Not specified,Руководитель дежурных сетевых инженеров,Not specified,,Not specified,https://career.habr.com/vacancies/1000163183
2026-05-05T17:27:12+03:00,Not specified,Архитектор по кибербезопасности,Not specified,,Not specified,https://career.habr.com/vacancies/1000163182
2026-05-05T16:59:05+03:00,Not specified,"Инженер технической поддержки (2 линия, удаленно)",Not specified,,Not specified,https://career.habr.com/vacancies/1000163944
2026-05-05T16:50:01+03:00,Not specified,Разработчик Oracle,Not specified,,Not specified,https://career.habr.com/vacancies/1000113326
2026-05-05T16:49:22+03:00,Not specified,SDET QA инженер (Java auto),Not specified,,Not specified,https://career.habr.com/vacancies/1000136036
2026-05-05T16:44:10+03:00,Not specified,Коммуникационный арт директор (оффлайн направление),Not specified,,Not specified,https://career.habr.com/vacancies/1000165297
2026-05-05T16:39:16+03:00,Not specified,Data Steward/Менеджер по данным,Not specified,,Not specified,https://career.habr.com/vacancies/1000160859
2026-05-05T16:38:23+03:00,Not specified,Менеджер интернет проектов,Not specified,,Not specified,https://career.habr.com/vacancies/1000165296
2026-05-05T16:36:21+03:00,Not specified,Разработчик на Go в команду разработки LLM-проектов для B2B,Not specified,,Not specified,https://career.habr.com/vacancies/1000161457
2026-05-05T16:27:02+03:00,Not specified,Эксперт отдела настройки правил Антифрод,Not specified,,Not specified,https://career.habr.com/vacancies/1000164834
2026-05-05T16:14:42+03:00,Not specified,Golang-разработчик,Not specified,,Not specified,https://career.habr.com/vacancies/1000166203
2026-05-05T15:45:54+03:00,Not specified,Системный инженер (SIEM),Not specified,,Not specified,https://career.habr.com/vacancies/1000165292
2026-05-05T15:41:16+03:00,Not specified,MLOps-инженер,Not specified,,Not specified,https://career.habr.com/vacancies/1000166296
2026-05-05T15:38:29+03:00,Not specified,Администратор СРК и СХД,Not specified,,Not specified,https://career.habr.com/vacancies/1000162307
2026-05-05T15:27:08+03:00,Not specified,Архитектор по информационной безопасности,Not specified,,Not specified,https://career.habr.com/vacancies/1000165025
2026-05-05T15:20:17+03:00,Not specified,Аналитик 1С (ЗУП),Not specified,,Not specified,https://career.habr.com/vacancies/1000166199
2026-05-05T15:17:01+03:00,Not specified,Аналитик,Not specified,,Not specified,https://career.habr.com/vacancies/1000166293
2026-05-05T15:17:01+03:00,Not specified,Android-разработчик,Not specified,,Not specified,https://career.habr.com/vacancies/1000166197
2026-05-05T15:00:16+03:00,Not specified,"Разработчик С# (User Interface, WPF)",от 120 000 ₽,,Not specified,https://career.habr.com/vacancies/1000165895
2026-05-05T14:59:05+03:00,Not specified,Системный архитектор,Not specified,,Not specified,https://career.habr.com/vacancies/1000165024
2026-05-05T14:28:20+03:00,Not specified,Ведущий аналитик ERP.УХ на блок Казначейство,Not specified,,Not specified,https://career.habr.com/vacancies/1000166360
2026-05-05T14:27:02+03:00,Not specified,Ведущий разработчик / техлид WebRTC,Not specified,,Not specified,https://career.habr.com/vacancies/1000165424
2026-05-05T14:27:01+03:00,Not specified,Старший разработчик на С++ в Яндекс Браузер,Not specified,,Not specified,https://career.habr.com/vacancies/1000161455
2026-05-05T13:15:55+03:00,Not specified,"Старший инженер по автоматизации тестирования (Python, финтех)/ Senior AQA",Not specified,,Not specified,https://career.habr.com/vacancies/1000166290
2026-05-05T12:29:15+03:00,Not specified,Архитектор,Not specified,,Not specified,https://career.habr.com/vacancies/1000164330
2026-05-05T12:27:57+03:00,Not specified,Старший ML-разработчик агентов для Алисы,Not specified,,Not specified,https://career.habr.com/vacancies/1000164325
2026-05-05T12:27:55+03:00,Not specified,Системный аналитик,Not specified,,Not specified,https://career.habr.com/vacancies/1000077869
2026-05-05T12:27:55+03:00,Not specified,"Fullstack-разработчик (PHP, vue.js)",Not specified,,Not specified,https://career.habr.com/vacancies/1000136672
2026-05-05T12:27:03+03:00,Not specified,Руководитель Service Desk,Not specified,,Not specified,https://career.habr.com/vacancies/1000165419
2026-05-05T12:09:42+03:00,Not specified,Менеджер по компенсациям и льготам,Not specified,,Not specified,https://career.habr.com/vacancies/1000166359
2026-05-05T11:29:28+03:00,Not specified,Сетевой инженер,от 175 000 до 200 000 ₽,,Not specified,https://career.habr.com/vacancies/1000165619
2026-05-05T11:27:16+03:00,Not specified,Руководитель проекта по дистрибуции ИТ-продуктов (ИБ),Not specified,,Not specified,https://career.habr.com/vacancies/1000166358
2026-05-05T11:27:02+03:00,Not specified,Системный инженер Microsoft,Not specified,,Not specified,https://career.habr.com/vacancies/1000165418
2026-05-05T10:34:05+03:00,Not specified,Методолог (Исполнение бюджета),Not specified,,Not specified,https://career.habr.com/vacancies/1000163167
2026-05-05T10:27:02+03:00,Not specified,DevSecOps инженер (SOC),Not specified,,Not specified,https://career.habr.com/vacancies/1000164826
2026-05-05T10:11:47+03:00,Not specified,Product Designer (В2С),Not specified,,Not specified,https://career.habr.com/vacancies/1000166139
2026-05-05T09:59:28+03:00,Not specified,Java Developer,от 75 000 ₽,,Not specified,https://career.habr.com/vacancies/1000165612
2026-05-05T09:14:33+03:00,Not specified,Руководитель ИТ-инфраструктуры,Not specified,,Not specified,https://career.habr.com/vacancies/1000166127
2026-05-05T09:09:34+03:00,Not specified,Программист 1С middle+,от 130 000 до 260 000 ₽,,Not specified,https://career.habr.com/vacancies/1000166349
2026-05-05T08:41:21+03:00,Not specified,ML-инженер,Not specified,,Not specified,https://career.habr.com/vacancies/1000166282
2026-05-05T08:21:56+03:00,Not specified,DevOps инженер [Kubernetes],Not specified,,Not specified,https://career.habr.com/vacancies/1000143458
2026-05-05T07:59:45+03:00,Not specified,Руководитель команды маркетинга,Not specified,,Not specified,https://career.habr.com/vacancies/1000166354
2026-05-05T07:34:00+03:00,Not specified,С++ Developer,Not specified,,Not specified,https://career.habr.com/vacancies/1000164646
2026-05-05T07:33:40+03:00,Not specified,C developer (MES),Not specified,,Not specified,https://career.habr.com/vacancies/1000159295
2026-05-05T07:32:07+03:00,Not specified,C developer (ME),Not specified,,Not specified,https://career.habr.com/vacancies/1000149857
2026-05-05T07:27:04+03:00,Not specified,Python Developer / SDET (сетевое оборудование),Not specified,,Not specified,https://career.habr.com/vacancies/1000165410
2026-05-05T07:27:03+03:00,Not specified,Сетевой инженер (ethernet-коммутаторы),Not specified,,Not specified,https://career.habr.com/vacancies/1000165408
2026-05-05T00:22:06+03:00,Not specified,Проджект менеджер / Project Manager,от 20 000 до 40 000 ₽,,Not specified,https://career.habr.com/vacancies/1000140951
2026-05-04T20:13:16+03:00,Not specified,"Специалист тех поддержки (английский язык, смены с 16:00 до 00:00 Мск)",от 50 000 ₽,,Not specified,https://career.habr.com/vacancies/1000146767
2026-05-04T19:27:01+03:00,Not specified,Аналитик данных (Внутренний контроль),Not specified,,Not specified,https://career.habr.com/vacancies/1000162421
2026-05-04T18:43:53+03:00,Not specified,Системный администратор унифицированных коммуникаций (VOIP/ВКС),Not specified,,Not specified,https://career.habr.com/vacancies/1000165276
2026-05-04T18:27:05+03:00,Not specified,Системный аналитик Linux,Not specified,,Not specified,https://career.habr.com/vacancies/1000164816
2026-05-04T18:27:04+03:00,Not specified,Инженер по тестированию / QA engineer (Linux),Not specified,,Not specified,https://career.habr.com/vacancies/1000164815
2026-05-04T18:27:04+03:00,Not specified,Инженер по тестированию / QA engineer (Виртуализация),Not specified,,Not specified,https://career.habr.com/vacancies/1000164814
2026-05-04T18:27:03+03:00,Not specified,Системный аналитик (Виртуализация),Not specified,,Not specified,https://career.habr.com/vacancies/1000164813
2026-05-04T18:27:03+03:00,Not specified,Старший DevOps-инженер (Openstack),Not specified,,Not specified,https://career.habr.com/vacancies/1000164812
2026-05-04T18:00:28+03:00,Not specified,ML Engineer,Not specified,,Not specified,https://career.habr.com/vacancies/1000166356
2026-05-04T17:33:34+03:00,Not specified,Data analyst,Not specified,,Not specified,https://career.habr.com/vacancies/1000165271
2026-05-04T17:30:20+03:00,Not specified,Бизнес/Системный аналитик,Not specified,,Not specified,https://career.habr.com/vacancies/1000155257
2026-05-04T17:29:39+03:00,Not specified,Техлид в команду высокоточных цифровых дорожных карт,Not specified,,Not specified,https://career.habr.com/vacancies/1000164629
2026-05-04T17:29:37+03:00,Not specified,Аналитик 1С (регламентированный учет),Not specified,,Not specified,https://career.habr.com/vacancies/1000163096
2026-05-04T17:28:57+03:00,Not specified,Системный аналитик,Not specified,,Not specified,https://career.habr.com/vacancies/1000163143
2026-05-04T17:27:03+03:00,Not specified,Руководитель направления по информационной безопасности,Not specified,,Not specified,https://career.habr.com/vacancies/1000164805
2026-05-04T17:27:03+03:00,Not specified,Главный архитектор проекта,Not specified,,Not specified,https://career.habr.com/vacancies/1000164803
2026-05-04T17:27:02+03:00,Not specified,Архитектор Presale (Видеонаблюдение),Not specified,,Not specified,https://career.habr.com/vacancies/1000164801
2026-05-04T16:54:10+03:00,Not specified,Руководитель группы разработки в команду развития опенсорс-технологий DevTools,Not specified,,Not specified,https://career.habr.com/vacancies/1000164299
2026-05-04T16:51:19+03:00,Not specified,Аналитик данных,Not specified,,Not specified,https://career.habr.com/vacancies/1000162894
2026-05-04T16:44:38+03:00,Not specified,Руководитель группы разработки Sandbox в DevTools,Not specified,,Not specified,https://career.habr.com/vacancies/1000164295
2026-05-04T16:34:42+03:00,Not specified,Эксперт по валидации моделей,Not specified,,Not specified,https://career.habr.com/vacancies/1000162889
2026-05-04T16:27:03+03:00,Not specified,Архитектор решений / Архитектор Presale (СУБД),Not specified,,Not specified,https://career.habr.com/vacancies/1000164798
2026-05-04T16:27:03+03:00,Not specified,Pre-sale архитектор,Not specified,,Not specified,https://career.habr.com/vacancies/1000164797
2026-05-04T16:21:29+03:00,Not specified,Функциональный архитектор (1С:ЗУП КОРП),Not specified,,Not specified,https://career.habr.com/vacancies/1000166123
2026-05-04T16:14:26+03:00,Not specified,Tech Lead Python (IaaS/PaaS),Not specified,,Not specified,https://career.habr.com/vacancies/1000159590
2026-05-04T16:07:44+03:00,Not specified,Дежурный системный администратор  [MWS Cloud Platform],Not specified,,Not specified,https://career.habr.com/vacancies/1000164265
2026-05-04T16:07:18+03:00,Not specified,Python разработчик,Not specified,,Not specified,https://career.habr.com/vacancies/1000165568
2026-05-04T16:07:15+03:00,Not specified,AI Bulider,от 130 000 до 140 000 ₽,,Not specified,https://career.habr.com/vacancies/1000166353
2026-05-04T16:00:17+03:00,Not specified,Devops-engineer (middle/middle+),Not specified,,Not specified,https://career.habr.com/vacancies/1000163035
2026-05-04T15:59:18+03:00,Not specified,Middle+ IOS developer,Not specified,,Not specified,https://career.habr.com/vacancies/1000078847
2026-05-04T15:52:06+03:00,Not specified,Старший инженер - программист 1С,Not specified,,Not specified,https://career.habr.com/vacancies/1000166281
2026-05-04T15:48:08+03:00,Not specified,Email - маркетолог,Not specified,,Not specified,https://career.habr.com/vacancies/1000162871
2026-05-04T15:32:01+03:00,Not specified,MLops инженер,Not specified,,Not specified,https://career.habr.com/vacancies/1000166352
2026-05-04T15:19:54+03:00,Not specified,BI разработчик,Not specified,,Not specified,https://career.habr.com/vacancies/1000166351
2026-05-04T15:12:35+03:00,Not specified,Руководитель проектов автоматизации HR,Not specified,,Not specified,https://career.habr.com/vacancies/1000165984
2026-05-04T15:05:01+03:00,Not specified,1С Аналитик,Not specified,,Not specified,https://career.habr.com/vacancies/1000166122
2026-05-04T14:58:26+03:00,Not specified,ML Разработчик [Java],Not specified,,Not specified,https://career.habr.com/vacancies/1000164864
2026-05-04T14:57:59+03:00,Not specified,ML Разработчик [Java],Not specified,,Not specified,https://career.habr.com/vacancies/1000165284
2026-05-04T14:18:16+03:00,Not specified,Системный аналитик,Not specified,,Not specified,https://career.habr.com/vacancies/1000164788
2026-05-04T14:17:03+03:00,Not specified,"Разработчик JavaScript/NodeJS, специалист технической поддержки",800 $,,Not specified,https://career.habr.com/vacancies/1000116161
2026-05-04T13:52:09+03:00,Not specified,Go Developer,от 75 000 до 125 000 ₽,,Not specified,https://career.habr.com/vacancies/1000166180
2026-05-04T13:33:06+03:00,Not specified,Менеджер по продажам (партнерская программа),от 150 000 ₽,,Not specified,https://career.habr.com/vacancies/1000166350
2026-05-04T13:12:34+03:00,Not specified,MLOps,Not specified,,Not specified,https://career.habr.com/vacancies/1000166279
2026-05-04T13:12:34+03:00,Not specified,Security analyst (hardware security),Not specified,,Not specified,https://career.habr.com/vacancies/1000165596
2026-05-04T13:12:34+03:00,Not specified,Developer C++ (KSMG),Not specified,,Not specified,https://career.habr.com/vacancies/1000164916
2026-05-04T13:12:34+03:00,Not specified,Developer C++ (KESL),Not specified,,Not specified,https://career.habr.com/vacancies/1000165184
2026-05-04T13:12:34+03:00,Not specified,Research Developer (Windows),Not specified,,Not specified,https://career.habr.com/vacancies/1000164911
2026-05-04T13:12:34+03:00,Not specified,Developer C++ (NTA),Not specified,,Not specified,https://career.habr.com/vacancies/1000164910
2026-05-04T12:55:31+03:00,Not specified,Storage Engineer,Not specified,,Not specified,https://career.habr.com/vacancies/1000166277
2026-05-04T12:54:42+03:00,Not specified,"Backend Developer (PHP, Yii2)",от 150 000 ₽,,Not specified,https://career.habr.com/vacancies/1000164447
2026-05-04T12:51:49+03:00,Not specified,Программист 1С (Нижний Новгород),от 160 000 до 230 000 ₽,,Not specified,https://career.habr.com/vacancies/1000164756
2026-05-04T12:51:40+03:00,Not specified,Системный инженер linux,Not specified,,Not specified,https://career.habr.com/vacancies/1000166275
2026-05-04T12:47:42+03:00,Not specified,MLSecOps,Not specified,,Not specified,https://career.habr.com/vacancies/1000166273
2026-05-04T12:29:40+03:00,Not specified,AppSec-инженер,Not specified,,Not specified,https://career.habr.com/vacancies/1000165267
2026-05-04T12:24:00+03:00,Not specified,Python developer,от 220 000 до 300 000 ₽,,Not specified,https://career.habr.com/vacancies/1000166231
2026-05-04T12:24:00+03:00,Not specified,Go Developer,от 250 000 ₽,,Not specified,https://career.habr.com/vacancies/1000166245
2026-05-04T11:57:58+03:00,Not specified,Senior AI Platform Engineer / LLMOps Engineer / Tech Lead,от 300 000 ₽,,Not specified,https://career.habr.com/vacancies/1000166331
2026-05-04T11:27:44+03:00,Not specified,Менеджер проектов ИБ (защита от утечек информации),Not specified,,Not specified,https://career.habr.com/vacancies/1000165319
2026-05-04T11:27:44+03:00,Not specified,Старший аналитик по направлению внутренних расследований ИБ,Not specified,,Not specified,https://career.habr.com/vacancies/1000165320
2026-05-04T11:27:44+03:00,Not specified,Менеджер проектов ИБ (защита от утечек информации),Not specified,,Not specified,https://career.habr.com/vacancies/1000165317
2026-05-04T11:27:44+03:00,Not specified,Менеджер проектов ИБ (защита от утечек информации),Not specified,,Not specified,https://career.habr.com/vacancies/1000165318
2026-05-04T11:27:44+03:00,Not specified,Старший аналитик по направлению внутренних расследований ИБ,Not specified,,Not specified,https://career.habr.com/vacancies/1000165321
2026-05-04T11:05:16+03:00,Not specified,Системный аналитик,от 130 000 ₽,,Not specified,https://career.habr.com/vacancies/1000158879
2026-05-04T10:58:10+03:00,Not specified,Функциональный архитектор 1С,Not specified,,Not specified,https://career.habr.com/vacancies/1000146557
2026-05-04T10:58:10+03:00,Not specified,Директор проектов 1С,Not specified,,Not specified,https://career.habr.com/vacancies/1000148037
2026-05-04T10:54:20+03:00,Not specified,Специалист по информационной безопасности,Not specified,,Not specified,https://career.habr.com/vacancies/1000160392
2026-05-04T10:47:49+03:00,Not specified,Системный программист С/C++ (ОС Astra Linux),Not specified,,Not specified,https://career.habr.com/vacancies/1000160391
2026-05-04T10:44:42+03:00,Not specified,Руководитель группы разработки Автосборки в DevTools,Not specified,,Not specified,https://career.habr.com/vacancies/1000163830
2026-05-04T10:42:39+03:00,Not specified,AppSec-инженер,Not specified,,Not specified,https://career.habr.com/vacancies/1000160390
2026-05-04T10:35:03+03:00,Not specified,Системный аналитик (ОС Astra Linux),Not specified,,Not specified,https://career.habr.com/vacancies/1000160389
2026-05-04T10:32:50+03:00,Not specified,Shader Developer,Not specified,,Not specified,https://career.habr.com/vacancies/1000165221
2026-05-04T10:31:38+03:00,Not specified,Разработчик на Java в команду B2B-платформы Яндекс 360,Not specified,,Not specified,https://career.habr.com/vacancies/1000163829
2026-05-04T10:29:37+03:00,Not specified,Руководитель проектов,Not specified,,Not specified,https://career.habr.com/vacancies/1000165265
2026-05-04T10:27:11+03:00,Not specified,DevSecOps/AppSec,Not specified,,Not specified,https://career.habr.com/vacancies/1000162419
2026-05-04T10:27:11+03:00,Not specified,Инженер по тестированию (ОС Astra Linux),Not specified,,Not specified,https://career.habr.com/vacancies/1000160388
2026-05-04T10:03:54+03:00,Not specified,Программист Backend PHP на yii2 (Middle),от 70 000 до 90 000 ₽,,Not specified,https://career.habr.com/vacancies/1000166323
2026-05-04T09:38:01+03:00,Not specified,Java-разработчик,Not specified,,Not specified,https://career.habr.com/vacancies/1000165768
2026-05-04T09:16:45+03:00,Not specified,Системный аналитик,от 75 000 до 130 000 ₽,,Not specified,https://career.habr.com/vacancies/1000166338
2026-05-04T07:34:37+03:00,Not specified,Java Developer,Not specified,,Not specified,https://career.habr.com/vacancies/1000165261
2026-05-04T00:15:32+03:00,Not specified,Системный аналитик,Not specified,,Not specified,https://career.habr.com/vacancies/1000166343
2026-05-03T22:59:12+03:00,Not specified,Инженер по тестированию Платформа Android,Not specified,,Not specified,https://career.habr.com/vacancies/1000166342
2026-05-03T22:27:10+03:00,Not specified,LEAD AI/ML ENGINEER,от 400 000 ₽,,Not specified,https://career.habr.com/vacancies/1000164602
2026-05-03T22:02:20+03:00,Not specified,Chief Technology Officer (CTO),Not specified,,Not specified,https://career.habr.com/vacancies/1000166190
2026-05-02T19:27:05+03:00,Not specified,Разработчик WebRTC-сервисов на Go в видеоплатформу,от 300 000 до 490 000 ₽,,Not specified,https://career.habr.com/vacancies/1000150590
2026-05-02T18:27:05+03:00,Not specified,Сервис менеджер/Ведущий инженер сопровождения,Not specified,,Not specified,https://career.habr.com/vacancies/1000165604
2026-05-02T17:37:30+03:00,Not specified,Middle/Senior DevOps Engineer [МТС Веб Сервисы],Not specified,,Not specified,https://career.habr.com/vacancies/1000165607
2026-05-02T16:27:11+03:00,Not specified,Продуктовый аналитик (Рекомендации в Поиск),Not specified,,Not specified,https://career.habr.com/vacancies/1000160764
2026-05-02T13:54:04+03:00,Not specified,Администратор проекта,Not specified,,Not specified,https://career.habr.com/vacancies/1000164056
2026-05-01T16:48:25+03:00,Not specified,C++ red team developer,от 230 000 до 350 000 ₽,,Not specified,https://career.habr.com/vacancies/1000166280
2026-05-01T16:48:25+03:00,Not specified,Pentester,от 150 000 до 250 000 ₽,,Not specified,https://career.habr.com/vacancies/1000166249
2026-04-30T15:37:30+03:00,Not specified,VibeCoder / Platform Engineer (Node.js / Kubernetes),до 220 000 ₽,,Not specified,https://career.habr.com/vacancies/1000166336
2026-04-30T15:28:24+03:00,Not specified,Специалист по сертификационным испытаниям (ФСТЭК),Not specified,,Not specified,https://career.habr.com/vacancies/1000166335
2026-04-30T15:21:57+03:00,Not specified,"Программист 1С (зарплата, кадры)",до 300 000 ₽,,Not specified,https://career.habr.com/vacancies/1000166334
2026-04-30T12:22:05+03:00,Not specified,Java разработчик,Not specified,,Not specified,https://career.habr.com/vacancies/1000152136
2026-04-30T11:34:45+03:00,Not specified,Reverse-инженер,Not specified,,Not specified,https://career.habr.com/vacancies/1000160479
2026-04-30T11:34:19+03:00,Not specified,Системный Android разработчик [Senior],Not specified,,Not specified,https://career.habr.com/vacancies/1000165893
2026-04-30T11:02:07+03:00,Not specified,Специалист внедрения и сопровождения ( 2-3 линии технической поддержки),Not specified,,Not specified,https://career.habr.com/vacancies/1000166330
2026-04-30T10:57:57+03:00,Not specified,Специалист по проектированию систем ИБ,Not specified,,Not specified,https://career.habr.com/vacancies/1000166328
2026-04-30T10:56:42+03:00,Not specified,Менеджер по продажам ИБ-решений,Not specified,,Not specified,https://career.habr.com/vacancies/1000166327
2026-04-30T10:53:08+03:00,Not specified,Менеджер по продажам ИБ-решений,Not specified,,Not specified,https://career.habr.com/vacancies/1000157284
2026-04-30T10:52:24+03:00,Not specified,Специалист по проектированию систем ИБ,Not specified,,Not specified,https://career.habr.com/vacancies/1000145003
2026-04-30T10:14:22+03:00,Not specified,Инженер-разработчик РЭА,Not specified,,Not specified,https://career.habr.com/vacancies/1000166324
2026-04-30T08:30:25+03:00,Not specified,Team Lead разработки (Java),Not specified,,Not specified,https://career.habr.com/vacancies/1000166322
2026-04-29T18:10:07+03:00,Not specified,Инженер-интегратор робототехнических систем,Not specified,,Not specified,https://career.habr.com/vacancies/1000166320
2026-04-29T14:56:49+03:00,Not specified,Серверный инженер,Not specified,,Not specified,https://career.habr.com/vacancies/1000165262
2026-04-29T14:28:07+03:00,Not specified,Системный аналитик,Not specified,,Not specified,https://career.habr.com/vacancies/1000166313
2026-04-29T13:55:59+03:00,Not specified,QA Engineer (Manual → AQA),от 150 000 ₽,,Not specified,https://career.habr.com/vacancies/1000166311
2026-05-08T13:27:02+03:00,Not specified,GO-разработчик (Геосервисы),Not specified,,Not specified,https://career.habr.com/vacancies/1000160638
2026-04-29T13:23:44+03:00,Not specified,Системный аналитик ЦФТ,Not specified,,Not specified,https://career.habr.com/vacancies/1000166309
2026-04-29T12:08:50+03:00,Not specified,Разработчик MLOps (Python),Not specified,,Not specified,https://career.habr.com/vacancies/1000166308
2026-04-29T10:59:14+03:00,Not specified,Финансовый аналитик,от 100 000 ₽,,Not specified,https://career.habr.com/vacancies/1000166307
2026-04-29T10:55:41+03:00,Not specified,Руководитель группы разработки (backend Node.js),Not specified,,Not specified,https://career.habr.com/vacancies/1000139185
2026-04-29T10:55:04+03:00,Not specified,Разработчик Node.js,Not specified,,Not specified,https://career.habr.com/vacancies/1000151615
2026-04-29T10:47:46+03:00,Not specified,Администратор проекта (Информационная безопасность),Not specified,,Not specified,https://career.habr.com/vacancies/1000166306
2026-04-29T10:43:44+03:00,Not specified,Фуллстек-аналитик (бизнес/системный)/Сетевая безопасность,Not specified,,Not specified,https://career.habr.com/vacancies/1000166305
2026-04-29T10:37:42+03:00,Not specified,Пресейл-инженер (Информационная безопасность/ИБ),Not specified,,Not specified,https://career.habr.com/vacancies/1000166304
2026-04-29T10:26:34+03:00,Not specified,Методолог,Not specified,,Not specified,https://career.habr.com/vacancies/1000166303
2026-04-29T10:21:19+03:00,Not specified,Инженер по обеспечению качества,Not specified,,Not specified,https://career.habr.com/vacancies/1000164074
2026-04-28T20:56:07+03:00,Not specified,Middle/Middle+ SRE Engineer (Дальний Восток),Not specified,,Not specified,https://career.habr.com/vacancies/1000133845
2026-04-28T20:53:59+03:00,Not specified,Senior Site Reliability Engineer (SRE),Not specified,,Not specified,https://career.habr.com/vacancies/1000157520
2026-04-28T16:41:16+03:00,Not specified,Lead Search Engineer,Not specified,,Not specified,https://career.habr.com/vacancies/1000166297
2026-04-28T14:58:36+03:00,Not specified,Project Manager / Специалист по внедрению AI-менеджеров (удалённо),от 70 000 до 150 000 ₽,,Not specified,https://career.habr.com/vacancies/1000166292
2026-04-28T12:29:04+03:00,Not specified,"QA Engineer (Спб, офис)",Not specified,,Not specified,https://career.habr.com/vacancies/1000166286
2026-04-28T12:14:21+03:00,Not specified,Middle Java Developer,от 150 000 ₽,,Not specified,https://career.habr.com/vacancies/1000166285
2026-04-28T11:55:59+03:00,Not specified,Senior DevOps-инженер на проект банка (система распознавания документов),Not specified,,Not specified,https://career.habr.com/vacancies/1000166284
2026-04-28T11:16:10+03:00,Not specified,Golang-разработчик,Not specified,,Not specified,https://career.habr.com/vacancies/1000151221
2026-04-28T11:16:10+03:00,Not specified,QA Automation Engineer (JavaScript/TypeScript),Not specified,,Not specified,https://career.habr.com/vacancies/1000156020
2026-04-28T10:23:20+03:00,Not specified,Frontend-разработчик на Angular,Not specified,,Not specified,https://career.habr.com/vacancies/1000166283
2026-04-28T10:01:58+03:00,Not specified,Руководитель отдела технической поддержки [Новосибирск],Not specified,,Not specified,https://career.habr.com/vacancies/1000164333
2026-04-27T15:41:56+03:00,Not specified,Аналитик данных (финансовое направление),Not specified,,Not specified,https://career.habr.com/vacancies/1000165716
2026-04-27T15:38:59+03:00,Not specified,Automation QA (Java),Not specified,,Not specified,https://career.habr.com/vacancies/1000147285
2026-04-27T14:18:48+03:00,Not specified,Менеджер по компенсациям и льготам (C&B и HR-аналитика),Not specified,,Not specified,https://career.habr.com/vacancies/1000166274
2026-04-27T13:11:47+03:00,Not specified,Старший инженер AppSec,Not specified,,Not specified,https://career.habr.com/vacancies/1000166278
2026-04-27T12:25:17+03:00,Not specified,Руководитель цифровой трансформации / Директор по развитию FinTech × Bank,Not specified,,Not specified,https://career.habr.com/vacancies/1000166272
2026-04-27T11:22:35+03:00,Not specified,Senior Rendering engineer C++ в 3D Карту,Not specified,,Not specified,https://career.habr.com/vacancies/1000166269
2026-04-27T11:04:48+03:00,Not specified,DevOps-инженер,от 50 000 ₽,,Not specified,https://career.habr.com/vacancies/1000166246
2026-04-27T07:57:20+03:00,Not specified,Старший бизнес-аналитик,Not specified,,Not specified,https://career.habr.com/vacancies/1000166268
2026-05-04T17:27:03+03:00,Not specified,Руководитель команды разработки / TechLead,Not specified,,Not specified,https://career.habr.com/vacancies/1000164806
2026-04-25T16:27:04+03:00,Not specified,Системный администратор поддержки,Not specified,,Not specified,https://career.habr.com/vacancies/1000165230
2026-04-25T16:27:04+03:00,Not specified,Системный администратор vsphere NSX,Not specified,,Not specified,https://career.habr.com/vacancies/1000165229
2026-04-25T16:27:03+03:00,Not specified,Системный администратор локальной поддержки,Not specified,,Not specified,https://career.habr.com/vacancies/1000165228
2026-04-25T13:27:06+03:00,Not specified,Аналитик SOC | Специалист 2 линии SOC,Not specified,,Not specified,https://career.habr.com/vacancies/1000165218
2026-04-25T13:27:06+03:00,Not specified,Менеджер продукта,Not specified,,Not specified,https://career.habr.com/vacancies/1000165216
2026-04-25T13:27:06+03:00,Not specified,Специалист по информационной безопасности,Not specified,,Not specified,https://career.habr.com/vacancies/1000165215
2026-04-25T13:27:04+03:00,Not specified,Fullstack разработчик (PHP),Not specified,,Not specified,https://career.habr.com/vacancies/1000165214
2026-04-25T13:27:04+03:00,Not specified,Руководитель отдела коммерческих продаж (Департамента Косметология),Not specified,,Not specified,https://career.habr.com/vacancies/1000165213
2026-04-25T12:27:06+03:00,Not specified,Системный/Бизнес аналитик 1С,Not specified,,Not specified,https://career.habr.com/vacancies/1000165212
2026-04-25T12:27:06+03:00,Not specified,Специалист поддержки МДЛП,Not specified,,Not specified,https://career.habr.com/vacancies/1000165211
2026-04-25T12:27:05+03:00,Not specified,Сетевой инженер,Not specified,,Not specified,https://career.habr.com/vacancies/1000165210
2026-04-25T12:27:05+03:00,Not specified,Программист 1С,Not specified,,Not specified,https://career.habr.com/vacancies/1000165209
2026-04-25T12:27:04+03:00,Not specified,Бренд-менеджер,Not specified,,Not specified,https://career.habr.com/vacancies/1000165208
2026-04-25T12:27:04+03:00,Not specified,Системный администратор,Not specified,,Not specified,https://career.habr.com/vacancies/1000165207
2026-04-25T12:27:04+03:00,Not specified,Системный администратор выездной,Not specified,,Not specified,https://career.habr.com/vacancies/1000165206
2026-04-24T15:27:13+03:00,Not specified,Программист C++ (NGFW),Not specified,,Not specified,https://career.habr.com/vacancies/1000166261
2026-04-24T15:23:30+03:00,Not specified,Программист C#,Not specified,,Not specified,https://career.habr.com/vacancies/1000166260
2026-04-24T15:17:28+03:00,Not specified,Руководитель группы сетевых инженеров,Not specified,,Not specified,https://career.habr.com/vacancies/1000166259
2026-04-24T14:52:11+03:00,Not specified,Product Designer,Not specified,,Not specified,https://career.habr.com/vacancies/1000166258
2026-04-24T14:49:00+03:00,Not specified,Тестировщик-автоматизатор (AQA),Not specified,,Not specified,https://career.habr.com/vacancies/1000166257
2026-04-24T13:32:28+03:00,Not specified,Релиз-менеджер,Not specified,,Not specified,https://career.habr.com/vacancies/1000166250
2026-04-24T12:20:21+03:00,Not specified,AI Automation Engineer,от 4000 до 6000 $,,Not specified,https://career.habr.com/vacancies/1000166248
2026-04-24T02:28:37+03:00,Not specified,Backend Developer (Laravel),Not specified,,Not specified,https://career.habr.com/vacancies/1000166247
2026-04-23T18:06:30+03:00,Not specified,Team Lead автоматизации тестирования (SDET),Not specified,,Not specified,https://career.habr.com/vacancies/1000166244
2026-04-23T17:43:47+03:00,Not specified,Специалист внедрения и сопровождения ( 2-3 линии технической поддержки),Not specified,,Not specified,https://career.habr.com/vacancies/1000163470
2026-04-23T17:35:31+03:00,Not specified,Эксперт по безопасной разработке,Not specified,,Not specified,https://career.habr.com/vacancies/1000166240
2026-04-23T15:40:29+03:00,Not specified,Системный аналитик (Информационная безопасность),Not specified,,Not specified,https://career.habr.com/vacancies/1000166235
2026-04-23T14:36:15+03:00,Not specified,Head of Engineering,от 400 000 до 450 000 ₽,,Not specified,https://career.habr.com/vacancies/1000166228
2026-04-23T13:30:44+03:00,Not specified,Разработчик Ruby On Rail-Senior (Fullstack),от 5000 до 15 000 $,,Not specified,https://career.habr.com/vacancies/1000165742
2026-04-23T10:41:43+03:00,Not specified,AI Automation/AI Systems Integrator (AI Automation Engineer/LLM Systems Engineer,Not specified,,Not specified,https://career.habr.com/vacancies/1000166213
2026-04-23T10:36:29+03:00,Not specified,Разработчик Bitrix 24,Not specified,,Not specified,https://career.habr.com/vacancies/1000166220
2026-04-23T09:51:10+03:00,Not specified,C# Developer (WinForms + SQL),от 350 000 ₽,,Not specified,https://career.habr.com/vacancies/1000166222
2026-04-23T01:07:55+03:00,Not specified,Fullstack Developer (MERN / NestJS),Not specified,,Not specified,https://career.habr.com/vacancies/1000166226
2026-04-22T15:59:47+03:00,Not specified,"Программист backend Python, Django middle +",Not specified,,Not specified,https://career.habr.com/vacancies/1000166198
2026-04-22T14:53:44+03:00,Not specified,Эксперт по информационной безопасности (КИИ АСУ ТП),Not specified,,Not specified,https://career.habr.com/vacancies/1000166221
2026-04-22T14:23:12+03:00,Not specified,Архитектор по информационной безопасности сетевой инфраструктуры (АСУ ТП),Not specified,,Not specified,https://career.habr.com/vacancies/1000166219
2026-04-22T12:25:56+03:00,Not specified,Консультант SAP BPC,Not specified,,Not specified,https://career.habr.com/vacancies/1000166218
2026-04-22T12:24:37+03:00,Not specified,Архитектор программного обеспечения,Not specified,,Not specified,https://career.habr.com/vacancies/1000166217
2026-04-22T12:21:44+03:00,Not specified,"Методолог (SAP, бюджетирование и управленческий учет)",Not specified,,Not specified,https://career.habr.com/vacancies/1000166216
2026-04-22T09:34:04+03:00,Not specified,AppSec,Not specified,,Not specified,https://career.habr.com/vacancies/1000165728
2026-04-22T09:08:53+03:00,Not specified,Маркетолог,от 120 000 ₽,,Not specified,https://career.habr.com/vacancies/1000166210
2026-04-22T08:48:35+03:00,Not specified,Appsec,Not specified,,Not specified,https://career.habr.com/vacancies/1000166209
2026-04-22T05:28:12+03:00,Not specified,Data Scientist,Not specified,,Not specified,https://career.habr.com/vacancies/1000165669
2026-04-21T18:27:48+03:00,Not specified,"Backend Developer (PHP, Laravel)",Not specified,,Not specified,https://career.habr.com/vacancies/1000166163
2026-04-21T18:24:39+03:00,Not specified,Senior/Lead Frontend разработчик (React),Not specified,,Not specified,https://career.habr.com/vacancies/1000158318
2026-04-21T17:10:46+03:00,Not specified,"Frontend-разработчик (vanilla JS, high-load)",от 200 000 ₽,,Not specified,https://career.habr.com/vacancies/1000164014
2026-04-21T17:09:52+03:00,Not specified,Product Marketing Manager,от 2500 до 6000 $,,Not specified,https://career.habr.com/vacancies/1000166205
2026-04-21T16:40:25+03:00,Not specified,QA Fullstack (C#),Not specified,,Not specified,https://career.habr.com/vacancies/1000160947
2026-04-21T15:07:45+03:00,Not specified,Ведущий системный аналитик,Not specified,,Not specified,https://career.habr.com/vacancies/1000166196
2026-04-21T14:49:08+03:00,Not specified,Главный технический архитектор ИТ-продукта (HR-tech),Not specified,,Not specified,https://career.habr.com/vacancies/1000165750
2026-04-21T12:37:54+03:00,Not specified,Специалист по анализу защищенности (pentest),Not specified,,Not specified,https://career.habr.com/vacancies/1000157044
2026-04-21T11:39:51+03:00,Not specified,Frontend-разработчик React,Not specified,,Not specified,https://career.habr.com/vacancies/1000080118
2026-04-21T11:25:58+03:00,Not specified,Project-manager IT (менеджер проектов),от 100 000 до 180 000 ₽,,Not specified,https://career.habr.com/vacancies/1000166184
2026-04-21T11:23:29+03:00,Not specified,Data Engineer,Not specified,,Not specified,https://career.habr.com/vacancies/1000166193
2026-04-20T19:26:44+03:00,Not specified,PHP-разработчик,от 15 000 до 250 000 ₽,,Not specified,https://career.habr.com/vacancies/1000164921
2026-04-20T16:31:52+03:00,Not specified,Data Engineer mid (DWH),Not specified,,Not specified,https://career.habr.com/vacancies/1000153953
2026-04-20T15:42:41+03:00,Not specified,Technical support [Junior],Not specified,,Not specified,https://career.habr.com/vacancies/1000166187
2026-04-20T15:27:04+03:00,Not specified,Инженер ПЛИС (OCV),Not specified,,Not specified,https://career.habr.com/vacancies/1000165164
2026-04-20T15:27:03+03:00,Not specified,Инженер по испытаниям и метрологии РЭА,Not specified,,Not specified,https://career.habr.com/vacancies/1000165163
2026-04-20T15:27:03+03:00,Not specified,ML Engineer / Инженер машинного обучения,Not specified,,Not specified,https://career.habr.com/vacancies/1000165161
2026-04-20T15:27:02+03:00,Not specified,Инженер по работе с конструкторской документацией,Not specified,,Not specified,https://career.habr.com/vacancies/1000165160
2026-04-20T15:04:38+03:00,Not specified,IT-Project manager,Not specified,,Not specified,https://career.habr.com/vacancies/1000106918
2026-04-20T14:32:54+03:00,Not specified,B2B Sales Manager,Not specified,,Not specified,https://career.habr.com/vacancies/1000166186
2026-04-20T14:27:04+03:00,Not specified,Сетевой инженер (техническая поддержка),Not specified,,Not specified,https://career.habr.com/vacancies/1000165159
2026-04-20T14:27:03+03:00,Not specified,Руководитель отдела тестирования,Not specified,,Not specified,https://career.habr.com/vacancies/1000165158
2026-04-20T14:27:03+03:00,Not specified,Web тестировщик (в офис),Not specified,,Not specified,https://career.habr.com/vacancies/1000165157
2026-04-20T14:27:02+03:00,Not specified,Senior Computer Vision Engineer,Not specified,,Not specified,https://career.habr.com/vacancies/1000165156
2026-04-20T14:27:02+03:00,Not specified,Инженер-программист ArduPilot/PX4,Not specified,,Not specified,https://career.habr.com/vacancies/1000165155
2026-04-20T14:27:02+03:00,Not specified,Разработчик Embedded STM32 C/C++,Not specified,,Not specified,https://career.habr.com/vacancies/1000165154
2026-04-20T13:52:08+03:00,Not specified,Python Developer,от 75 000 ₽,,Not specified,https://career.habr.com/vacancies/1000163346
2026-04-20T10:32:28+03:00,Not specified,PHP-разработчик,Not specified,,Not specified,https://career.habr.com/vacancies/1000148160
2026-04-20T09:44:48+03:00,Not specified,Java-разработчик,Not specified,,Not specified,https://career.habr.com/vacancies/1000165673
2026-04-19T17:27:06+03:00,Not specified,Инженер сервиса,Not specified,,Not specified,https://career.habr.com/vacancies/1000165140
2026-04-19T17:27:06+03:00,Not specified,Инженер сервисного центра,Not specified,,Not specified,https://career.habr.com/vacancies/1000165139
2026-04-19T17:27:06+03:00,Not specified,Product manager (Hardware),Not specified,,Not specified,https://career.habr.com/vacancies/1000165138
2026-04-19T17:27:05+03:00,Not specified,Customer Success Manager / КАМ / Кey Аccount Мanager,Not specified,,Not specified,https://career.habr.com/vacancies/1000165137
2026-04-19T17:27:05+03:00,Not specified,"Менеджер проектных продаж (B2B, RetailTech)",Not specified,,Not specified,https://career.habr.com/vacancies/1000165136
2026-04-19T17:27:05+03:00,Not specified,Сервис менеджер,Not specified,,Not specified,https://career.habr.com/vacancies/1000165135
2026-04-19T17:27:04+03:00,Not specified,Customer Success Manager,Not specified,,Not specified,https://career.habr.com/vacancies/1000165134
2026-04-19T17:27:04+03:00,Not specified,Системный аналитик,Not specified,,Not specified,https://career.habr.com/vacancies/1000165133
2026-04-19T17:27:04+03:00,Not specified,Инженер 2-й линии технической поддержки,Not specified,,Not specified,https://career.habr.com/vacancies/1000165132
2026-04-18T08:49:04+03:00,Not specified,Программист Delphi/C++,от 70 000 до 500 000 ₽,,Not specified,https://career.habr.com/vacancies/1000163864
2026-04-18T08:48:44+03:00,Not specified,Программист PHP,от 70 000 до 250 000 ₽,,Not specified,https://career.habr.com/vacancies/1000164672
2026-04-17T18:55:20+03:00,Not specified,MLOps специалист,Not specified,,Not specified,https://career.habr.com/vacancies/1000164861
2026-04-17T16:16:08+03:00,Not specified,"Системный администратор (Middle, в офис г. Йошкар-Ола)",Not specified,,Not specified,https://career.habr.com/vacancies/1000166178
2026-04-17T15:11:43+03:00,Not specified,"Инженер по обслуживанию систем безопасности, видеонаблюдения и СОТ",до 70 000 ₽,,Not specified,https://career.habr.com/vacancies/1000165394
2026-04-17T10:55:39+03:00,Not specified,DevOps-администратор 1С (Junior+/Middle),от 90 000 до 230 000 ₽,,Not specified,https://career.habr.com/vacancies/1000166093
2026-04-17T10:55:21+03:00,Not specified,Менеджер проектов 1С ERP (управленческий учет),от 250 000 до 350 000 ₽,,Not specified,https://career.habr.com/vacancies/1000166175
2026-04-16T18:26:58+03:00,Not specified,Консультант по продажам и сопровождению клиентов 1С,Not specified,,Not specified,https://career.habr.com/vacancies/1000165069
2026-04-16T18:26:57+03:00,Not specified,Менеджер по сопровождению клиентов,Not specified,,Not specified,https://career.habr.com/vacancies/1000165068
2026-04-16T18:26:57+03:00,Not specified,Начинающий специалист 1С (первая линия поддержки),Not specified,,Not specified,https://career.habr.com/vacancies/1000165067
2026-04-16T18:26:56+03:00,Not specified,Менеджер по продажам / Аккаунт менеджер,Not specified,,Not specified,https://career.habr.com/vacancies/1000165066
2026-04-16T18:26:56+03:00,Not specified,Менеджер по продажам 1С,Not specified,,Not specified,https://career.habr.com/vacancies/1000165065
2026-04-16T18:26:56+03:00,Not specified,Менеджер по продажам/ Аккаунт менеджер,Not specified,,Not specified,https://career.habr.com/vacancies/1000165064
2026-04-16T17:27:04+03:00,Not specified,Менеджер по сопровождению клиентов в IT (стажер),Not specified,,Not specified,https://career.habr.com/vacancies/1000165063
2026-04-16T17:27:03+03:00,Not specified,Эксперт по технологическим вопросам 1С,Not specified,,Not specified,https://career.habr.com/vacancies/1000165062
2026-04-16T17:27:03+03:00,Not specified,Программист 1С,Not specified,,Not specified,https://career.habr.com/vacancies/1000165061
2026-04-16T17:27:02+03:00,Not specified,Консультант по внедрению 1С:Управление проектами (1С:РМ),Not specified,,Not specified,https://career.habr.com/vacancies/1000165060
2026-04-16T17:27:02+03:00,Not specified,Аналитик 1С,Not specified,,Not specified,https://career.habr.com/vacancies/1000165059
2026-04-16T17:27:02+03:00,Not specified,Консультант 1С,Not specified,,Not specified,https://career.habr.com/vacancies/1000165058
2026-04-16T17:27:01+03:00,Not specified,"Аналитик 1С (ЗУП, БП, УТ или УНФ)",Not specified,,Not specified,https://career.habr.com/vacancies/1000165057
2026-04-16T16:08:10+03:00,Not specified,Golang developer,Not specified,,Not specified,https://career.habr.com/vacancies/1000165613
2026-04-16T16:07:41+03:00,Not specified,Android разработчик / Kotlin developer,от 120 000 до 180 000 ₽,,Not specified,https://career.habr.com/vacancies/1000165193
2026-04-16T16:06:53+03:00,Not specified,DevOps - инженер | Dev Ops engineer,от 70 000 до 100 000 ₽,,Not specified,https://career.habr.com/vacancies/1000166174
2026-04-16T15:54:30+03:00,Not specified,"Инженер технической поддержки (Удаленно, любая локация, облачные сервисы)",от 1200 $,,Not specified,https://career.habr.com/vacancies/1000166137
2026-04-16T13:40:53+03:00,Not specified,Разработчик 1С / Специалист по интеграции (Мегаплан + 1С),от 100 000 ₽,,Not specified,https://career.habr.com/vacancies/1000159384
2026-04-16T13:13:38+03:00,Not specified,Разработчик C# (.NET),Not specified,,Not specified,https://career.habr.com/vacancies/1000129519
2026-04-16T13:08:11+03:00,Not specified,Python-инженер в SaaS про AI для CAD/CAM,от 2400 до 4000 $,,Not specified,https://career.habr.com/vacancies/1000166164
2026-04-16T11:48:44+03:00,Not specified,Lead Data Analyst / Analytics Lead,Not specified,,Not specified,https://career.habr.com/vacancies/1000166150
2026-04-16T10:46:23+03:00,Not specified,Senior CV разработчик,Not specified,,Not specified,https://career.habr.com/vacancies/1000166172
2026-04-16T10:39:37+03:00,Not specified,Senior QA Automation Engineer (Python),Not specified,,Not specified,https://career.habr.com/vacancies/1000166170
2026-04-16T10:15:44+03:00,Not specified,Разработчик-аналитик на внутренние проекты,Not specified,,Not specified,https://career.habr.com/vacancies/1000165591
2026-04-15T20:14:36+03:00,Not specified,Ведущий сетевой инженер,Not specified,,Not specified,https://career.habr.com/vacancies/1000166168
2026-04-15T17:30:53+03:00,Not specified,Менеджер по развитию корпоративных продаж 1С,Not specified,,Not specified,https://career.habr.com/vacancies/1000166167
2026-04-15T17:30:53+03:00,Not specified,Программист-консультант 1С,Not specified,,Not specified,https://career.habr.com/vacancies/1000166166
2026-04-15T17:30:53+03:00,Not specified,Аналитик-консультант 1С,от 104 400 ₽,,Not specified,https://career.habr.com/vacancies/1000166165
2026-04-15T14:27:03+03:00,Not specified,Аналитик 1C:ERP,Not specified,,Not specified,https://career.habr.com/vacancies/1000165053
2026-04-15T14:27:03+03:00,Not specified,Менеджер по продажам облачных сервисов,Not specified,,Not specified,https://career.habr.com/vacancies/1000165052
2026-04-15T14:27:03+03:00,Not specified,Разработчик 1С (Middle),Not specified,,Not specified,https://career.habr.com/vacancies/1000165051
2026-04-15T13:07:03+03:00,Not specified,Технический писатель (документация на программно-аппаратные комплексы по ГОСТ),Not specified,,Not specified,https://career.habr.com/vacancies/1000166159
2026-04-15T12:30:48+03:00,Not specified,Technical Product Manager,Not specified,,Not specified,https://career.habr.com/vacancies/1000166157
2026-04-15T11:07:26+03:00,Not specified,Java Developer,от 75 000 ₽,,Not specified,https://career.habr.com/vacancies/1000139801
2026-04-15T04:47:19+03:00,Not specified,"Продуктовый аналитик (только офис, Владивосток)",Not specified,,Not specified,https://career.habr.com/vacancies/1000165592
2026-04-14T20:53:41+03:00,Not specified,Vue 3 Frontend Developer,от 100 000 до 250 000 ₽,,Not specified,https://career.habr.com/vacancies/1000166151
2026-04-14T18:57:55+03:00,Not specified,Team Lead (Ecom),Not specified,,Not specified,https://career.habr.com/vacancies/1000166154
2026-04-14T18:27:03+03:00,Not specified,Системный аналитик 1С: Управление Холдингом,Not specified,,Not specified,https://career.habr.com/vacancies/1000165044
2026-04-14T18:16:25+03:00,Not specified,Full Stack Developer,Not specified,,Not specified,https://career.habr.com/vacancies/1000166152
2026-04-14T16:07:32+03:00,Not specified,"Fullstack-разработчик (.Net core, React)",Not specified,,Not specified,https://career.habr.com/vacancies/1000133692
2026-04-14T15:27:15+03:00,Not specified,Программист 1С,Not specified,,Not specified,https://career.habr.com/vacancies/1000165041
2026-04-14T15:27:14+03:00,Not specified,Аналитик 1С (направление «Логистика и склад»),Not specified,,Not specified,https://career.habr.com/vacancies/1000165040
2026-04-14T15:27:13+03:00,Not specified,DevOps-инженер,Not specified,,Not specified,https://career.habr.com/vacancies/1000165039
2026-04-14T15:27:12+03:00,Not specified,Аналитик данных,Not specified,,Not specified,https://career.habr.com/vacancies/1000165038
2026-04-14T15:27:11+03:00,Not specified,Старший аналитик,Not specified,,Not specified,https://career.habr.com/vacancies/1000165037
2026-04-14T15:27:10+03:00,Not specified,Консультант-аналитик 1С (регламентированный учёт),Not specified,,Not specified,https://career.habr.com/vacancies/1000165035
2026-04-14T15:27:10+03:00,Not specified,Разработчик 1С,Not specified,,Not specified,https://career.habr.com/vacancies/1000165034
2026-04-14T15:27:09+03:00,Not specified,Системный администратор Linux,Not specified,,Not specified,https://career.habr.com/vacancies/1000165033
2026-04-14T15:27:08+03:00,Not specified,Старший системный администратор/TeamLead,Not specified,,Not specified,https://career.habr.com/vacancies/1000165032
2026-04-14T15:27:08+03:00,Not specified,Руководитель проектов 1С:УАТ (TMS/FMS),Not specified,,Not specified,https://career.habr.com/vacancies/1000165030
2026-04-14T15:27:07+03:00,Not specified,Руководитель проектов сопровождения (IT),Not specified,,Not specified,https://career.habr.com/vacancies/1000165029
2026-04-14T15:27:06+03:00,Not specified,Руководитель проектов внедрения 1С,Not specified,,Not specified,https://career.habr.com/vacancies/1000165028
2026-04-14T15:27:05+03:00,Not specified,Руководитель проектов 1С,Not specified,,Not specified,https://career.habr.com/vacancies/1000165027
2026-04-14T15:27:05+03:00,Not specified,Руководитель группы программистов,Not specified,,Not specified,https://career.habr.com/vacancies/1000165026
2026-04-14T15:08:20+03:00,Not specified,Data Analyst / Data Scientist (Fintech / Payments),от 4000 до 10 000 $,,Not specified,https://career.habr.com/vacancies/1000166148
2026-04-14T14:33:54+03:00,Not specified,"Веб-программист (Fullstack разработчик, г. Ижевск офлайн)",от 100 000 ₽,,Not specified,https://career.habr.com/vacancies/1000166149
2026-04-14T14:27:03+03:00,Not specified,Руководитель группы аналитиков и программистов 1С / Team Lead,Not specified,,Not specified,https://career.habr.com/vacancies/1000165022
2026-04-14T14:27:03+03:00,Not specified,Руководитель группы продаж,Not specified,,Not specified,https://career.habr.com/vacancies/1000165020
2026-04-14T14:27:02+03:00,Not specified,Сервисный инженер 1С,Not specified,,Not specified,https://career.habr.com/vacancies/1000165019
2026-04-14T14:27:02+03:00,Not specified,Аккаунт-менеджер (сфера IT-дистрибьюции),Not specified,,Not specified,https://career.habr.com/vacancies/1000165018
2026-04-14T13:17:13+03:00,Not specified,Системный администратор Unix,Not specified,,Not specified,https://career.habr.com/vacancies/1000165935
2026-04-14T12:32:06+03:00,Not specified,Аналитик SOC (L2-L3),Not specified,,Not specified,https://career.habr.com/vacancies/1000166147
2026-04-14T12:03:07+03:00,Not specified,Инженер-программист,Not specified,,Not specified,https://career.habr.com/vacancies/1000166058
2026-04-14T11:54:14+03:00,Not specified,Специалист по интернет-рекламе,от 70 000 до 100 000 ₽,,Not specified,https://career.habr.com/vacancies/1000166134
2026-04-14T11:01:41+03:00,Not specified,Бизнес-партнер по ИБ,Not specified,,Not specified,https://career.habr.com/vacancies/1000166145
2026-04-14T10:42:00+03:00,Not specified,"SRE/DevOps инженер (highload, bare metal)",от 350 000 ₽,,Not specified,https://career.habr.com/vacancies/1000166143
2026-04-14T10:24:54+03:00,Not specified,Аналитик SOC,Not specified,,Not specified,https://career.habr.com/vacancies/1000166142
2026-04-14T10:13:29+03:00,Not specified,Сетевой администратор / Network Administrator,Not specified,,Not specified,https://career.habr.com/vacancies/1000166140
2026-04-14T10:10:08+03:00,Not specified,Linux администратор Nginx/Apache,Not specified,,Not specified,https://career.habr.com/vacancies/1000166138
2026-04-14T09:33:17+03:00,Not specified,Руководитель программы миграции на 1С:ERP,Not specified,,Not specified,https://career.habr.com/vacancies/1000166136
2026-04-14T09:19:39+03:00,Not specified,C++ 3D разработчик,Not specified,,Not specified,https://career.habr.com/vacancies/1000166135
2026-04-14T04:26:25+03:00,Not specified,Senior Backend Developer,от 7000 до 10 000 $,,Not specified,https://career.habr.com/vacancies/1000166129
2026-04-13T18:45:16+03:00,Not specified,Fullstack PHP Laravel/VueJS разработчик,до 150 000 ₽,,Not specified,https://career.habr.com/vacancies/1000061315
2026-04-13T17:00:49+03:00,Not specified,Аккаунт-директор / Account Director (e-commerce & data),Not specified,,Not specified,https://career.habr.com/vacancies/1000166124
2026-04-13T15:13:43+03:00,Not specified,Middle+ Java Backend Developer,Not specified,,Not specified,https://career.habr.com/vacancies/1000164618
2026-04-13T15:13:28+03:00,Not specified,Системный аналитик,Not specified,,Not specified,https://career.habr.com/vacancies/1000140395
2026-04-13T12:22:01+03:00,Not specified,Junior AI Automation Engineer / AI-инженер (junior),от 50 000 ₽,,Not specified,https://career.habr.com/vacancies/1000166116
2026-04-13T10:17:30+03:00,Not specified,Aдминистратор баз данных PostgreSQL,Not specified,,Not specified,https://career.habr.com/vacancies/1000166120
2026-04-13T09:16:46+03:00,Not specified,Специалист по инфраструктуре машинного обучения (MLOps-инженер ),Not specified,,Not specified,https://career.habr.com/vacancies/1000165998
2026-04-13T09:16:46+03:00,Not specified,Инженер - аналитик источников событий,Not specified,,Not specified,https://career.habr.com/vacancies/1000165996
2026-04-13T09:16:46+03:00,Not specified,Специалист по тестированию систем искусственного интеллекта,Not specified,,Not specified,https://career.habr.com/vacancies/1000165967
2026-04-13T09:16:46+03:00,Not specified,Инженер поддержки продаж по продукту SafeERP,Not specified,,Not specified,https://career.habr.com/vacancies/1000165958
2026-04-13T09:16:46+03:00,Not specified,Менеджер направления СОК (SOC GSOC),Not specified,,Not specified,https://career.habr.com/vacancies/1000165993
2026-04-13T09:16:46+03:00,Not specified,Инженер внедрения систем мониторинга ИБ,Not specified,,Not specified,https://career.habr.com/vacancies/1000165964
2026-04-13T09:16:46+03:00,Not specified,Инженер по анализу защищенности инфраструктуры (анализ уязвимостей),Not specified,,Not specified,https://career.habr.com/vacancies/1000165961
2026-04-13T09:16:46+03:00,Not specified,Ведущий инженер/инженер проектировщик решений класса NTA,Not specified,,Not specified,https://career.habr.com/vacancies/1000165960
2026-04-13T09:16:46+03:00,Not specified,Инженер по анализу защищенности инфраструктуры (тестирование на проникновение),Not specified,,Not specified,https://career.habr.com/vacancies/1000165965
2026-04-13T09:16:46+03:00,Not specified,Специалист по разработке и эмуляции атак,Not specified,,Not specified,https://career.habr.com/vacancies/1000165966
2026-04-13T09:16:46+03:00,Not specified,Инженер поддержки продаж продуктов ИБ,Not specified,,Not specified,https://career.habr.com/vacancies/1000165956
2026-04-13T09:16:46+03:00,Not specified,Ведущий менеджер по продаже программных продуктов ИБ,Not specified,,Not specified,https://career.habr.com/vacancies/1000165957
2026-04-13T09:16:46+03:00,Not specified,Специалист по защите информации (тестирование),Not specified,,Not specified,https://career.habr.com/vacancies/1000165871
2026-04-13T06:03:58+03:00,Not specified,C/C++ Developer,Not specified,,Not specified,https://career.habr.com/vacancies/1000164513
2026-04-12T01:05:15+03:00,Not specified,Продакт по росту и монетизации в музыкальный стартап,от 10 000 до 60 000 ₽,,Not specified,https://career.habr.com/vacancies/1000166119
2026-04-11T07:51:48+03:00,Not specified,Специалист по парсингу сайтов,от 1000 до 3000 $,,Not specified,https://career.habr.com/vacancies/1000166118
2026-04-08T07:55:57+03:00,Not specified,Reverse engineer,Not specified,,Not specified,https://career.habr.com/vacancies/1000153542
2026-03-02T10:29:06+03:00,Not specified,Аккаунт директор,Not specified,,Not specified,https://career.habr.com/vacancies/1000160170
2026-03-02T10:28:32+03:00,Not specified,Ведущий менеджер по продажам IT аутсорса,Not specified,,Not specified,https://career.habr.com/vacancies/1000164481
