Company,Title,Location,Salary,Link
Toast,Senior Enterprise Process Engineer,Remote,Not specified,https://weworkremotely.com/remote-jobs/toast-senior-enterprise-process-engineer
Spotify,"Senior Machine Learning Engineer, Personalization",Remote,Not specified,https://weworkremotely.com/remote-jobs/spotify-senior-machine-learning-engineer-personalization
Fusemachines,Applied AI Engineer (Automation),Remote,Not specified,https://weworkremotely.com/remote-jobs/fusemachines-applied-ai-engineer-automation
Zscaler,"Senior Manager, Creative Design and Media",Remote,Not specified,https://weworkremotely.com/remote-jobs/zscaler-senior-manager-creative-design-and-media
Housecall Pro,Senior Product Operations Manager I,Remote,Not specified,https://weworkremotely.com/remote-jobs/housecall-pro-senior-product-operations-manager-i
Monograph,Content Marketer (Product),Remote,Not specified,https://weworkremotely.com/remote-jobs/monograph-content-marketer-product
Vanta,"Senior Software Engineer, Design Systems",Remote,Not specified,https://weworkremotely.com/remote-jobs/vanta-senior-software-engineer-design-systems
Wallarm,Senior DevOps Engineer - Node,Remote,Not specified,https://weworkremotely.com/remote-jobs/wallarm-senior-devops-engineer-node
Consensys,Staff Product Manager - MetaMask (Networks),Remote,Not specified,https://weworkremotely.com/remote-jobs/consensys-staff-product-manager-metamask-networks
C4Media Inc.,Mobile Developer,Remote,Not specified,https://weworkremotely.com/remote-jobs/c4media-inc-mobile-developer
Veriff,Senior Software Engineer (Product Platform),Remote,Not specified,https://weworkremotely.com/remote-jobs/veriff-senior-software-engineer-product-platform
Chainguard,Staff Product Marketing Manager - Containers,Remote,Not specified,https://weworkremotely.com/remote-jobs/chainguard-staff-product-marketing-manager-containers
Advocate,"Product Engineer, Tech Ops",Remote,Not specified,https://weworkremotely.com/remote-jobs/advocate-product-engineer-tech-ops
3pillar,AWS Certified DevOps Engineer,Remote,Not specified,https://weworkremotely.com/remote-jobs/3pillar-aws-certified-devops-engineer
Hitachi Vantara Corporation,Lead Full Stack Developer (UI/UX),Remote,Not specified,https://weworkremotely.com/remote-jobs/hitachi-vantara-corporation-lead-full-stack-developer-ui-ux
Nextiva,"Director, Product Management (AI Agent Platform)",Remote,Not specified,https://weworkremotely.com/remote-jobs/nextiva-director-product-management-ai-agent-platform
Mdn,Firefox Product Marketing Lead - Desktop,Remote,Not specified,https://weworkremotely.com/remote-jobs/mdn-firefox-product-marketing-lead-desktop
Dropbox,CX Video Content Design Intern (Summer 2026),Remote,Not specified,https://weworkremotely.com/remote-jobs/dropbox-cx-video-content-design-intern-summer-2026
Yugabytedb,"Senior Director, Product Management",Remote,Not specified,https://weworkremotely.com/remote-jobs/yugabytedb-senior-director-product-management
Discord,"Product Design Manager, Engagement",Remote,Not specified,https://weworkremotely.com/remote-jobs/discord-product-design-manager-engagement
Mobena,Frontend Engineer,Remote,Not specified,https://weworkremotely.com/remote-jobs/mobena-frontend-engineer
CodeSignal,"Software Engineer, Business Experience",Remote,Not specified,https://weworkremotely.com/remote-jobs/codesignal-software-engineer-business-experience-1
Jimdo,Head of Experience Design,Remote,Not specified,https://weworkremotely.com/remote-jobs/jimdo-head-of-experience-design
Ssc Hr Solutions,System Design / Solution Architect,Remote,Not specified,https://weworkremotely.com/remote-jobs/ssc-hr-solutions-system-design-solution-architect
Sai Group Ltd,Customer Support Executive  AI Platform,Remote,Not specified,https://weworkremotely.com/remote-jobs/sai-group-ltd-customer-support-executive-ai-platform
Avahi,DevOps Engineer,Remote,Not specified,https://weworkremotely.com/remote-jobs/avahi-devops-engineer
Mutt Data,Devops,Remote,Not specified,https://weworkremotely.com/remote-jobs/mutt-data-devops
Qventus,DevOps Engineer,Remote,Not specified,https://weworkremotely.com/remote-jobs/qventus-devops-engineer
Bugcrowd,DevOps Engineer,Remote,Not specified,https://weworkremotely.com/remote-jobs/bugcrowd-devops-engineer
Rhino Partners,DevOps Engineer (Remote),Remote,Not specified,https://weworkremotely.com/remote-jobs/rhino-partners-devops-engineer-remote
Zayzoon,Senior DevOps Engineer,Remote,Not specified,https://weworkremotely.com/remote-jobs/zayzoon-senior-devops-engineer
Woliba,Senior Devops Engineer,Remote,Not specified,https://weworkremotely.com/remote-jobs/woliba-senior-devops-engineer
Jahnel Group,DevOps Engineer,Remote,Not specified,https://weworkremotely.com/remote-jobs/jahnel-group-devops-engineer
Atria Physician Practice New York Pc,"Staff Software Engineer, Product",Remote,Not specified,https://weworkremotely.com/remote-jobs/atria-physician-practice-new-york-pc-staff-software-engineer-product
Kasha,Senior DevOps Engineer,Remote,Not specified,https://weworkremotely.com/remote-jobs/kasha-senior-devops-engineer
Vexxhost,OpenStack Cloud Engineer (DevOps),Remote,Not specified,https://weworkremotely.com/remote-jobs/vexxhost-openstack-cloud-engineer-devops
Interop Labs,DevOps Lead,Remote,Not specified,https://weworkremotely.com/remote-jobs/interop-labs-devops-lead
Careers - Think Digitally,DevOps Engineer,Remote,Not specified,https://weworkremotely.com/remote-jobs/careers-think-digitally-devops-engineer
Cloud Counselage Pvt Ltd,DevOps Engineer,Remote,Not specified,https://weworkremotely.com/remote-jobs/cloud-counselage-pvt-ltd-devops-engineer
Tikal,Senior DevOps Engineer,Remote,Not specified,https://weworkremotely.com/remote-jobs/tikal-senior-devops-engineer
Blink Ops,DevOps Team Lead,Remote,Not specified,https://weworkremotely.com/remote-jobs/blink-ops-devops-team-lead
Artificial Solutions,DevOps Engineer,Remote,Not specified,https://weworkremotely.com/remote-jobs/artificial-solutions-devops-engineer
Cloudpepper,Senior Platform / DevOps Engineer,Remote,Not specified,https://weworkremotely.com/remote-jobs/cloudpepper-senior-platform-devops-engineer
Vercel,DevOps Engineer,Remote,Not specified,https://weworkremotely.com/remote-jobs/vercel-devops-engineer
Lemon.io,Senior DevOps Engineer,Remote,Not specified,https://weworkremotely.com/remote-jobs/lemon-io-senior-devops-engineer-2
